timestamp,label,cpu_percent,cpu_freq_mhz,mem_used_mb,mem_available_mb,mem_percent,swap_used_mb,swap_percent,cpu_temp_c,cpu_core_0,cpu_core_1,cpu_core_2,cpu_core_3
2026-05-12T17:07:05.931,idle,14.8,3100,4265.33,2191.81,73.2,3619.25,70.7,-1.0,25.0,5.0,25.0,4.0
2026-05-12T17:07:06.935,idle,20.6,3100,4279.96,2181.75,73.4,3619.25,70.7,-1.0,32.3,9.1,31.3,9.9
2026-05-12T17:07:07.938,idle,14.8,3100,4286.53,2184.04,73.3,3619.25,70.7,-1.0,23.2,7.0,23.0,6.0
2026-05-12T17:07:08.941,idle,8.8,3100,4286.42,2183.46,73.3,3619.25,70.7,-1.0,16.0,4.0,12.0,3.0
2026-05-12T17:07:09.951,idle,42.0,3100,4297.19,2173.33,73.5,3619.25,70.7,-1.0,73.3,11.0,74.0,9.1
2026-05-12T17:07:10.955,idle,30.7,3100,4299.85,2169.9,73.5,3619.25,70.7,-1.0,55.0,10.0,49.5,9.0
2026-05-12T17:07:11.960,idle,27.7,3100,4300.04,2169.91,73.5,3619.25,70.7,-1.0,50.5,7.1,44.0,8.1
2026-05-12T17:07:12.964,idle,23.1,3100,4302.27,2167.69,73.5,3619.25,70.7,-1.0,40.4,7.0,39.0,7.0
2026-05-12T17:07:13.967,idle,16.3,3100,4302.27,2168.2,73.5,3619.25,70.7,-1.0,31.7,4.0,26.3,2.0
2026-05-12T17:07:14.972,idle,5.2,3100,4296.63,2173.78,73.5,3619.25,70.7,-1.0,10.0,2.0,7.0,2.0
2026-05-12T17:07:15.975,idle,6.3,3100,4297.41,2172.33,73.5,3619.25,70.7,-1.0,11.2,3.0,9.1,2.0
2026-05-12T17:07:16.980,idle,12.0,3100,4295.94,2174.52,73.5,3619.25,70.7,-1.0,22.0,4.0,17.0,5.0
2026-05-12T17:07:17.984,idle,7.2,3100,4294.41,2175.82,73.4,3619.25,70.7,-1.0,12.9,3.0,11.0,2.0
2026-05-12T17:07:18.986,idle,33.8,3100,4306.01,2164.67,73.6,3619.25,70.7,-1.0,60.6,9.0,57.6,8.2
2026-05-12T17:07:19.987,idle,25.4,3100,4309.56,2161.47,73.6,3619.25,70.7,-1.0,45.5,7.1,41.0,8.1
2026-05-12T17:07:20.988,idle,13.1,3100,4309.42,2161.55,73.6,3619.25,70.7,-1.0,26.3,3.0,19.2,4.0
2026-05-12T17:07:21.997,idle,22.4,3100,4301.72,2168.98,73.5,3619.25,70.7,-1.0,41.6,6.9,35.0,6.0
2026-05-12T17:07:23.003,idle,31.4,3100,4313.51,2157.81,73.7,3619.25,70.7,-1.0,57.0,8.1,53.0,7.1
2026-05-12T17:07:24.004,idle,15.3,3100,4313.51,2157.81,73.7,3619.25,70.7,-1.0,30.0,4.0,23.2,4.0
2026-05-12T17:07:25.007,idle,20.5,3100,4320.96,2150.09,73.8,3619.25,70.7,-1.0,35.4,10.1,26.3,10.1
2026-05-12T17:07:26.011,idle,7.7,3100,4320.59,2150.86,73.7,3619.25,70.7,-1.0,17.0,2.0,10.0,2.0
2026-05-12T17:07:27.016,idle,22.4,3100,4316.42,2154.69,73.7,3619.25,70.7,-1.0,41.4,6.0,36.4,6.0
2026-05-12T17:07:28.018,idle,36.6,3100,4310.86,2160.91,73.6,3619.25,70.7,-1.0,65.7,10.1,61.0,9.2
2026-05-12T17:07:29.023,idle,31.2,3100,4297.38,2174.68,73.5,3619.25,70.7,-1.0,53.0,11.0,46.0,15.0
2026-05-12T17:07:30.025,idle,18.1,3100,4302.44,2168.97,73.5,3619.25,70.7,-1.0,37.0,5.1,26.3,4.0
2026-05-12T17:07:31.026,idle,22.7,3100,4307.59,2164.38,73.6,3619.25,70.7,-1.0,39.8,8.1,35.0,8.0
2026-05-12T17:07:32.030,idle,17.8,3100,4308.1,2163.64,73.6,3619.25,70.7,-1.0,33.7,5.0,28.3,4.0
2026-05-12T17:07:33.035,idle,35.7,3100,4326.5,2146.36,73.8,3619.25,70.7,-1.0,67.0,7.0,62.0,7.0
2026-05-12T17:07:34.040,idle,23.4,3100,4330.43,2142.18,73.9,3619.25,70.7,-1.0,41.4,7.1,38.0,7.0
2026-05-12T17:07:35.042,idle,24.0,3100,4336.05,2136.47,73.9,3619.25,70.7,-1.0,40.4,11.1,35.0,10.1
2026-05-12T17:07:36.043,idle,22.2,3100,4335.61,2137.89,73.9,3619.25,70.7,-1.0,38.0,10.9,31.3,8.0
2026-05-12T17:07:37.047,idle,17.6,3100,4337.0,2136.11,73.9,3619.25,70.7,-1.0,31.0,8.1,25.5,6.0
2026-05-12T17:07:38.049,idle,83.1,3100,4338.28,2135.02,73.9,3619.25,70.7,-1.0,88.8,77.0,88.0,78.8
2026-05-12T17:07:39.050,idle,82.4,3100,4361.87,2112.11,74.2,3619.25,70.7,-1.0,99.0,66.0,99.0,65.3
2026-05-12T17:07:40.054,idle,80.9,3100,4360.91,2113.0,74.2,3619.25,70.7,-1.0,99.0,62.6,100.0,61.2
2026-05-12T17:07:41.056,idle,94.0,3100,4372.66,2100.57,74.4,3619.25,70.7,-1.0,97.0,91.0,97.0,91.1
2026-05-12T17:07:42.061,idle,60.6,3100,4377.22,2095.29,74.4,3619.25,70.7,-1.0,72.7,49.0,76.8,44.4
2026-05-12T17:07:43.064,idle,36.7,3100,4376.36,2096.04,74.4,3619.25,70.7,-1.0,48.0,20.2,66.7,11.9
2026-05-12T17:07:44.068,idle,29.9,3100,4351.33,2121.2,74.1,3619.25,70.7,-1.0,42.4,13.1,57.0,7.0
2026-05-12T17:07:45.069,idle,28.5,3100,4337.64,2135.59,73.9,3619.25,70.7,-1.0,38.8,14.1,56.0,5.1
2026-05-12T17:07:46.069,idle,31.1,3100,4297.02,2175.76,73.4,3619.25,70.7,-1.0,39.0,14.1,66.0,6.0
2026-05-12T17:07:47.071,idle,26.1,3100,4309.97,2162.58,73.6,3619.25,70.7,-1.0,36.4,15.0,44.0,9.1
2026-05-12T17:07:48.075,idle,6.3,3100,4287.24,2185.73,73.3,3619.25,70.7,-1.0,10.1,2.0,10.2,3.0
2026-05-12T17:07:49.076,idle,25.1,3100,4276.52,2196.65,73.2,3619.25,70.7,-1.0,42.0,11.1,37.0,10.1
2026-05-12T17:07:50.077,idle,4.8,3100,4276.52,2196.7,73.2,3619.25,70.7,-1.0,9.1,2.0,8.0,0.0
2026-05-12T17:07:51.077,idle,5.8,3100,4277.14,2196.43,73.2,3619.25,70.7,-1.0,11.0,1.0,9.0,2.0
2026-05-12T17:07:52.077,idle,8.3,3100,4276.0,2197.07,73.2,3619.25,70.7,-1.0,14.1,4.0,12.1,3.0
2026-05-12T17:07:53.078,idle,9.3,3100,4267.88,2205.47,73.1,3619.25,70.7,-1.0,16.2,5.0,13.1,3.0
2026-05-12T17:07:54.078,idle,6.0,3100,4265.76,2206.8,73.1,3619.25,70.7,-1.0,12.1,1.0,9.0,2.0
2026-05-12T17:07:55.079,idle,27.3,3100,4256.25,2189.5,73.3,3619.25,70.7,-1.0,36.4,21.2,32.7,19.0
2026-05-12T17:07:56.084,idle,16.0,3100,4257.11,2187.65,73.3,3619.25,70.7,-1.0,27.0,8.0,25.0,4.0
2026-05-12T17:07:57.088,idle,31.2,3100,4253.66,2189.71,73.3,3619.25,70.7,-1.0,54.5,18.0,41.0,11.0
2026-05-12T17:07:58.093,idle,20.6,3100,4253.97,2189.79,73.3,3619.25,70.7,-1.0,36.7,8.0,30.7,7.1
2026-05-12T17:07:59.097,idle,18.7,3100,4254.86,2185.54,73.3,3619.25,70.7,-1.0,29.7,9.0,24.2,11.9
2026-05-12T17:08:00.098,idle,11.3,3100,4275.09,2159.52,73.6,3619.25,70.7,-1.0,19.2,5.9,15.2,5.1
2026-05-12T17:08:01.101,idle,9.5,3100,4262.77,2171.59,73.5,3619.25,70.7,-1.0,16.2,4.0,15.2,3.0
2026-05-12T17:08:02.104,idle,6.7,3100,4262.92,2171.02,73.5,3619.25,70.7,-1.0,12.9,3.0,9.0,2.0
2026-05-12T17:08:03.105,idle,7.8,3100,4260.68,2173.34,73.5,3619.25,70.7,-1.0,15.2,3.0,11.1,2.0
2026-05-12T17:08:04.108,idle,13.5,3100,4258.96,2174.41,73.5,3619.25,70.7,-1.0,24.5,6.0,19.0,5.0
2026-05-12T17:08:05.111,idle,5.3,3100,4256.55,2176.82,73.4,3619.25,70.7,-1.0,10.9,2.0,7.1,1.0
2026-05-12T17:08:06.114,idle,8.8,3100,4307.29,2126.39,74.0,3619.25,70.7,-1.0,15.2,3.0,14.9,2.0
2026-05-12T17:08:07.115,idle,5.8,3100,4310.57,2123.5,74.1,3619.25,70.7,-1.0,12.0,1.0,9.2,1.0
2026-05-12T17:08:08.116,idle,10.5,3100,4311.36,2122.41,74.1,3619.25,70.7,-1.0,20.0,5.0,14.0,3.0
2026-05-12T17:08:09.119,idle,5.0,3100,4311.33,2122.69,74.1,3619.25,70.7,-1.0,9.1,2.0,7.1,2.0
2026-05-12T17:08:10.120,idle,4.0,3100,4311.13,2122.95,74.1,3619.25,70.7,-1.0,7.1,1.0,7.0,1.0
2026-05-12T17:08:11.120,idle,4.8,3100,4292.26,2142.12,73.9,3619.25,70.7,-1.0,10.0,1.0,7.0,1.0
2026-05-12T17:08:12.122,idle,21.1,3100,4279.84,2142.22,73.8,3587.25,70.1,-1.0,36.4,12.0,26.3,10.0
2026-05-12T17:08:13.127,idle,21.0,3100,4267.54,2142.6,73.8,3555.25,69.4,-1.0,36.0,11.0,29.0,8.0
2026-05-12T17:08:14.127,idle,66.8,3100,4194.11,2151.21,73.7,3555.25,69.4,-1.0,77.6,56.6,74.7,58.2
2026-05-12T17:08:15.129,idle,36.9,3100,4189.41,2146.01,73.8,3555.25,69.4,-1.0,54.5,19.0,50.0,24.8
2026-05-12T17:08:16.129,idle,20.7,3100,4216.85,2116.72,74.2,3555.25,69.4,-1.0,44.4,6.1,24.2,8.0
2026-05-12T17:08:17.134,idle,18.6,3100,4213.55,2117.26,74.2,3555.25,69.4,-1.0,50.5,3.0,18.2,3.0
2026-05-12T17:08:18.138,idle,19.3,3100,4214.46,2114.96,74.2,3555.25,69.4,-1.0,50.5,4.0,19.0,4.0
2026-05-12T17:08:19.140,idle,17.2,3100,4222.06,2107.96,74.3,3555.25,69.4,-1.0,42.9,4.0,19.4,3.0
2026-05-12T17:08:20.144,idle,17.1,3100,4230.59,2100.02,74.4,3555.25,69.4,-1.0,42.9,3.0,18.4,5.0
2026-05-12T17:08:21.145,idle,16.1,3100,4226.69,2098.98,74.4,3555.25,69.4,-1.0,42.4,3.0,16.2,3.0
2026-05-12T17:08:22.148,idle,14.8,3100,4222.87,2099.88,74.4,3555.25,69.4,-1.0,39.4,2.0,15.8,2.0
2026-05-12T17:08:23.151,idle,14.7,3100,4219.13,2099.05,74.4,3555.25,69.4,-1.0,39.8,2.0,14.3,3.0
2026-05-12T17:08:24.151,idle,16.9,3100,4213.23,2098.62,74.4,3555.25,69.4,-1.0,43.4,3.0,18.4,3.0
2026-05-12T17:08:25.154,idle,16.8,3100,4206.1,2100.29,74.4,3555.25,69.4,-1.0,42.9,3.0,19.0,3.0
2026-05-12T17:08:26.154,idle,18.8,3100,4197.86,2101.4,74.3,3555.25,69.4,-1.0,48.0,3.0,20.6,3.1
2026-05-12T17:08:27.155,idle,15.8,3100,4193.73,2101.16,74.4,3555.25,69.4,-1.0,41.8,3.0,16.0,3.0
2026-05-12T17:08:28.159,idle,19.2,3100,4178.76,2102.48,74.3,3555.25,69.4,-1.0,45.9,4.1,20.2,7.0
2026-05-12T17:08:29.162,idle,23.2,3100,4171.38,2105.32,74.3,3555.25,69.4,-1.0,49.0,9.9,26.3,8.0
2026-05-12T17:08:30.165,idle,18.3,3100,4167.01,2106.22,74.3,3555.25,69.4,-1.0,45.5,3.0,21.2,4.0
2026-05-12T17:08:31.165,idle,13.6,3100,4158.9,2105.74,74.3,3555.25,69.4,-1.0,35.4,2.0,15.2,2.0
2026-05-12T17:08:32.166,idle,4.8,3100,4163.36,2100.97,74.4,3555.25,69.4,-1.0,10.2,2.0,6.1,1.0
2026-05-12T17:08:33.166,idle,14.1,3100,4159.79,2104.98,74.3,3555.25,69.4,-1.0,22.2,7.1,19.2,8.1
2026-05-12T17:08:34.167,idle,5.5,3100,4158.97,2105.82,74.3,3555.25,69.4,-1.0,10.0,2.0,9.0,2.0
2026-05-12T17:08:35.167,idle,4.3,3100,4159.07,2105.49,74.3,3555.25,69.4,-1.0,8.0,1.0,6.1,1.0
2026-05-12T17:08:36.171,idle,4.3,3100,4159.62,2105.21,74.3,3555.25,69.4,-1.0,7.1,2.0,7.0,1.0
2026-05-12T17:08:37.175,idle,7.3,3100,4159.8,2105.56,74.3,3555.25,69.4,-1.0,16.0,2.0,10.1,1.0
2026-05-12T17:08:38.178,idle,4.7,3100,4159.87,2105.19,74.3,3555.25,69.4,-1.0,8.1,2.0,7.0,2.0
2026-05-12T17:08:39.183,idle,6.0,3100,4159.46,2105.54,74.3,3555.25,69.4,-1.0,11.9,2.0,9.0,1.0
2026-05-12T17:08:40.186,idle,10.8,3100,4159.14,2105.68,74.3,3555.25,69.4,-1.0,17.2,5.1,15.0,5.9
2026-05-12T17:08:41.188,idle,4.8,3100,4159.57,2105.9,74.3,3555.25,69.4,-1.0,10.1,1.0,7.0,1.0
2026-05-12T17:08:42.193,idle,5.5,3100,4161.3,2105.0,74.3,3555.25,69.4,-1.0,13.0,2.0,6.1,1.0
2026-05-12T17:08:43.195,idle,4.0,3100,4161.28,2105.27,74.3,3555.25,69.4,-1.0,9.0,0.0,6.1,1.0
2026-05-12T17:08:44.199,idle,4.7,3100,4161.29,2104.43,74.3,3555.25,69.4,-1.0,8.0,2.0,7.0,2.0
2026-05-12T17:08:45.199,idle,27.2,3100,4170.58,2083.0,74.6,3555.25,69.4,-1.0,46.9,14.1,34.0,14.0
2026-05-12T17:08:46.199,idle,12.9,3100,4181.72,2066.24,74.8,3555.25,69.4,-1.0,23.2,6.0,19.4,3.0
2026-05-12T17:08:47.199,idle,4.8,3100,4181.74,2066.07,74.8,3555.25,69.4,-1.0,9.0,2.0,6.1,2.0
2026-05-12T17:08:48.200,idle,9.0,3100,4181.78,2066.37,74.8,3555.25,69.4,-1.0,14.1,4.0,15.0,3.0
2026-05-12T17:08:49.202,idle,4.0,3100,4181.71,2066.56,74.8,3555.25,69.4,-1.0,8.0,1.0,6.0,1.0
2026-05-12T17:08:50.205,idle,9.8,3100,4183.77,2063.11,74.8,3555.25,69.4,-1.0,18.2,4.0,14.1,3.0
2026-05-12T17:08:51.206,idle,4.2,3100,4183.15,2063.9,74.8,3555.25,69.4,-1.0,9.0,1.0,6.0,1.0
2026-05-12T17:08:52.210,idle,3.3,3100,4183.0,2064.25,74.8,3555.25,69.4,-1.0,6.1,1.0,5.1,1.0
2026-05-12T17:08:53.213,idle,4.3,3100,4182.9,2064.46,74.8,3555.25,69.4,-1.0,8.0,1.0,6.9,1.0
2026-05-12T17:08:54.216,idle,5.5,3100,4182.91,2064.02,74.8,3555.25,69.4,-1.0,10.0,2.0,9.0,1.0
2026-05-12T17:08:55.216,idle,4.8,3100,4182.15,2064.94,74.8,3555.25,69.4,-1.0,9.0,2.0,6.1,2.0
2026-05-12T17:08:56.218,idle,3.0,3100,4181.7,2065.53,74.8,3555.25,69.4,-1.0,6.1,0.0,6.0,0.0
2026-05-12T17:08:57.221,idle,4.5,3100,4181.65,2065.21,74.8,3555.25,69.4,-1.0,7.9,2.0,6.9,1.0
2026-05-12T17:08:58.225,idle,12.1,3100,4197.31,2050.36,75.0,3555.25,69.4,-1.0,18.2,7.0,17.2,6.0
2026-05-12T17:08:59.229,idle,5.7,3100,4197.41,2050.55,75.0,3555.25,69.4,-1.0,8.9,2.0,6.0,6.0
2026-05-12T17:09:00.233,idle,34.2,3100,4195.72,2036.44,75.1,3555.25,69.4,-1.0,52.0,22.0,44.0,19.0
2026-05-12T17:09:01.237,idle,9.0,3100,4215.82,2010.82,75.5,3555.25,69.4,-1.0,16.0,4.0,12.2,4.0
2026-05-12T17:09:02.242,idle,6.5,3100,4216.21,2010.18,75.5,3555.25,69.4,-1.0,12.0,3.0,9.0,2.0
2026-05-12T17:09:03.245,idle,4.5,3100,4218.04,2009.75,75.5,3555.25,69.4,-1.0,9.0,1.0,7.0,1.0
2026-05-12T17:09:04.250,idle,3.5,3100,4218.27,2009.83,75.5,3555.25,69.4,-1.0,6.1,1.0,6.0,1.0
2026-05-12T17:09:05.250,idle,10.6,3100,4219.81,2008.02,75.5,3555.25,69.4,-1.0,19.2,3.0,17.2,3.0
2026-05-12T17:09:06.250,idle,7.5,3100,4220.8,2007.19,75.5,3555.25,69.4,-1.0,13.0,4.0,11.0,2.0
2026-05-12T17:09:07.253,idle,9.0,3100,4221.12,2006.29,75.5,3555.25,69.4,-1.0,18.0,2.0,13.1,3.0
2026-05-12T17:09:08.255,idle,54.9,3100,4222.39,1951.15,76.2,3523.25,68.8,-1.0,62.6,50.0,62.0,45.0
2026-05-12T17:09:09.256,idle,89.7,3100,4196.21,1889.02,76.9,3459.25,67.6,-1.0,91.0,89.9,91.0,87.0
2026-05-12T17:09:10.260,idle,89.5,3100,4182.58,1852.07,77.4,3459.25,67.6,-1.0,92.0,87.1,91.0,88.0
2026-05-12T17:09:11.262,idle,83.7,3100,4146.12,1869.88,77.2,3459.25,67.6,-1.0,88.1,80.8,88.0,78.0
2026-05-12T17:09:12.262,idle,86.6,3100,4129.14,1845.29,77.5,3395.25,66.3,-1.0,89.9,84.0,88.9,83.8
2026-05-12T17:09:13.263,idle,85.5,3100,4118.65,1833.72,77.6,3395.25,66.3,-1.0,87.0,84.0,88.0,83.0
2026-05-12T17:09:14.268,idle,85.0,3100,4117.24,1829.79,77.7,3395.25,66.3,-1.0,88.0,84.0,85.1,83.0
2026-05-12T17:09:15.272,idle,64.1,3100,4093.14,1820.86,77.8,3395.25,66.3,-1.0,75.0,55.0,74.5,52.0
2026-05-12T17:09:16.272,idle,78.8,3100,4091.06,1765.53,78.4,3286.0,80.2,-1.0,85.0,74.0,82.2,73.7
2026-05-12T17:09:17.273,idle,69.8,3100,4023.78,1802.84,78.0,3254.0,79.4,-1.0,81.6,58.6,81.0,58.0
2026-05-12T17:09:18.273,idle,74.1,3100,4024.59,1785.19,78.2,3254.0,79.4,-1.0,93.1,54.5,93.9,54.5
2026-05-12T17:09:19.278,idle,68.9,3100,4020.08,1781.04,78.3,3254.0,79.4,-1.0,96.0,44.4,96.0,39.0
2026-05-12T17:09:20.283,idle,65.3,3100,4027.89,1776.57,78.3,3254.0,79.4,-1.0,93.0,36.6,92.9,39.0
2026-05-12T17:09:21.287,idle,53.6,3100,4011.29,1791.9,78.1,3254.0,79.4,-1.0,86.1,21.0,86.0,21.0
2026-05-12T17:09:22.289,idle,50.6,3100,4019.52,1784.15,78.2,3254.0,79.4,-1.0,83.8,18.0,85.1,15.2
2026-05-12T17:09:23.289,idle,51.5,3100,4009.93,1793.3,78.1,3254.0,79.4,-1.0,84.2,18.2,84.8,18.8
2026-05-12T17:09:24.290,idle,60.2,3100,4002.57,1800.51,78.0,3254.0,79.4,-1.0,89.0,33.7,92.0,25.3
2026-05-12T17:09:25.291,idle,68.9,3100,4007.38,1795.88,78.1,3254.0,79.4,-1.0,95.0,44.6,95.0,40.4
2026-05-12T17:09:26.291,idle,67.2,3100,4005.26,1798.1,78.1,3254.0,79.4,-1.0,94.9,43.4,95.0,35.4
2026-05-12T17:09:27.296,idle,72.9,3100,4005.94,1792.84,78.1,3254.0,79.4,-1.0,92.0,55.6,91.9,52.0
2026-05-12T17:09:28.296,idle,56.5,3100,4003.07,1795.29,78.1,3254.0,79.4,-1.0,73.0,44.0,70.7,38.4
2026-05-12T17:09:29.297,idle,57.9,3100,3999.68,1799.09,78.0,3254.0,79.4,-1.0,72.4,46.5,71.0,42.0
2026-05-12T17:09:30.300,idle,49.6,3100,4002.71,1796.1,78.1,3254.0,79.4,-1.0,68.0,38.0,62.2,30.3
2026-05-12T17:09:31.300,idle,45.0,3100,3996.64,1801.94,78.0,3254.0,79.4,-1.0,63.0,31.0,59.0,27.0
2026-05-12T17:09:32.301,idle,51.6,3100,3991.63,1804.85,78.0,3254.0,79.4,-1.0,68.0,38.4,65.0,35.0
2026-05-12T17:09:33.301,idle,71.8,3100,3975.42,1818.01,77.8,3254.0,79.4,-1.0,79.8,64.0,79.8,63.6
2026-05-12T17:09:34.301,idle,56.2,3100,3982.56,1809.65,77.9,3254.0,79.4,-1.0,72.4,42.0,72.0,38.0
2026-05-12T17:09:35.304,idle,56.4,3100,3980.73,1812.32,77.9,3254.0,79.4,-1.0,73.7,43.4,69.4,40.0
2026-05-12T17:09:36.307,idle,54.3,3100,3981.2,1811.41,77.9,3254.0,79.4,-1.0,69.3,40.4,69.3,37.4
2026-05-12T17:09:37.308,idle,51.0,3100,3970.78,1822.24,77.8,3254.0,79.4,-1.0,67.7,36.0,66.7,34.0
2026-05-12T17:09:38.313,idle,48.9,3100,3970.98,1822.3,77.8,3254.0,79.4,-1.0,67.0,34.0,64.0,30.3
2026-05-12T17:09:39.317,idle,51.1,3100,3971.25,1822.2,77.8,3254.0,79.4,-1.0,70.0,37.4,64.6,32.3
2026-05-12T17:09:40.318,idle,49.1,3100,3971.47,1822.28,77.8,3254.0,79.4,-1.0,67.3,34.3,65.7,29.7
2026-05-12T17:09:41.322,idle,45.1,3100,3966.61,1826.24,77.7,3254.0,79.4,-1.0,63.0,30.7,59.0,28.0
2026-05-12T17:09:42.324,idle,74.9,3100,3969.57,1824.54,77.7,3254.0,79.4,-1.0,82.8,71.0,83.0,62.6
2026-05-12T17:09:43.324,idle,82.1,3100,3969.8,1823.75,77.7,3254.0,79.4,-1.0,88.9,80.6,86.9,72.0
2026-05-12T17:09:44.329,idle,83.3,3100,3970.46,1823.78,77.7,3254.0,79.4,-1.0,88.0,81.2,87.1,77.0
2026-05-12T17:09:45.330,idle,66.8,3100,3970.71,1823.59,77.7,3254.0,79.4,-1.0,76.0,63.0,75.0,53.0
2026-05-12T17:09:46.330,idle,31.1,3100,3971.14,1822.54,77.8,3254.0,79.4,-1.0,54.5,16.2,42.9,11.1
2026-05-12T17:09:47.331,idle,33.0,3100,3969.29,1825.68,77.7,3254.0,79.4,-1.0,54.0,19.0,46.0,13.0
2026-05-12T17:09:48.333,idle,29.4,3100,3964.59,1830.89,77.7,3254.0,79.4,-1.0,53.0,14.0,39.4,11.1
2026-05-12T17:09:49.338,idle,26.7,3100,3966.23,1827.03,77.7,3254.0,79.4,-1.0,48.5,13.0,37.6,7.9
2026-05-12T17:09:50.342,idle,24.6,3100,3966.81,1826.32,77.7,3254.0,79.4,-1.0,51.0,11.0,32.3,4.0
2026-05-12T17:09:51.346,idle,25.1,3100,3967.01,1826.86,77.7,3254.0,79.4,-1.0,48.0,10.0,38.4,4.0
2026-05-12T17:09:52.346,idle,24.9,3100,3966.89,1826.47,77.7,3254.0,79.4,-1.0,46.0,11.0,38.0,5.0
2026-05-12T17:09:53.350,idle,29.4,3100,3962.94,1827.25,77.7,3254.0,79.4,-1.0,53.5,13.3,42.0,8.9
2026-05-12T17:09:54.350,idle,33.8,3100,3963.96,1826.09,77.7,3254.0,79.4,-1.0,47.5,19.8,57.6,11.1
2026-05-12T17:09:55.351,idle,29.0,3100,3957.36,1833.43,77.6,3254.0,79.4,-1.0,38.8,15.2,53.1,9.0
2026-05-12T17:09:56.353,idle,28.2,3100,3957.3,1833.28,77.6,3254.0,79.4,-1.0,37.4,12.1,57.0,6.1
2026-05-12T17:09:57.355,idle,27.3,3100,3956.81,1834.05,77.6,3254.0,79.4,-1.0,47.0,11.1,44.0,7.0
2026-05-12T17:09:58.357,idle,29.9,3100,3957.07,1833.73,77.6,3254.0,79.4,-1.0,47.0,17.0,45.5,10.1
2026-05-12T17:09:59.357,idle,29.1,3100,3956.96,1833.55,77.6,3254.0,79.4,-1.0,45.9,18.2,44.4,8.1
2026-05-12T17:10:00.361,idle,25.8,3100,4001.64,1789.39,78.2,3254.0,79.4,-1.0,43.4,10.0,43.4,6.9
2026-05-12T17:10:01.364,idle,25.8,3100,4001.66,1789.11,78.2,3254.0,79.4,-1.0,47.0,10.0,41.0,5.0
2026-05-12T17:10:02.368,idle,25.1,3100,4001.15,1789.46,78.2,3254.0,79.4,-1.0,42.4,11.0,41.4,6.0
2026-05-12T17:10:03.373,idle,25.3,3100,4001.46,1789.08,78.2,3254.0,79.4,-1.0,42.0,10.0,44.0,5.1
2026-05-12T17:10:04.374,idle,25.7,3100,4001.78,1789.17,78.2,3254.0,79.4,-1.0,42.4,12.1,41.4,7.0
2026-05-12T17:10:05.374,idle,29.6,3100,4003.42,1787.86,78.2,3222.0,78.7,-1.0,46.5,17.0,42.4,12.9
2026-05-12T17:10:06.376,idle,29.1,3100,4055.34,1738.99,78.8,3222.0,78.7,-1.0,46.9,12.1,45.5,12.1
2026-05-12T17:10:07.380,idle,27.7,3100,4056.07,1737.18,78.8,3222.0,78.7,-1.0,46.1,15.0,41.4,8.0
2026-05-12T17:10:08.383,idle,24.4,3100,4055.25,1738.8,78.8,3222.0,78.7,-1.0,41.4,8.2,42.6,5.0
2026-05-12T17:10:09.388,idle,30.3,3100,4056.37,1737.57,78.8,3222.0,78.7,-1.0,44.4,18.8,46.5,12.0
2026-05-12T17:10:10.391,idle,25.6,3100,4057.26,1737.1,78.8,3222.0,78.7,-1.0,40.4,12.0,42.0,8.0
2026-05-12T17:10:11.395,idle,25.9,3100,4045.54,1748.38,78.7,3222.0,78.7,-1.0,43.4,12.1,41.4,7.0
2026-05-12T17:10:12.395,idle,25.0,3100,4028.94,1764.68,78.5,3222.0,78.7,-1.0,41.0,13.1,39.8,6.1
2026-05-12T17:10:13.397,idle,25.9,3100,4029.21,1767.61,78.4,3222.0,78.7,-1.0,41.8,13.0,40.0,9.0
2026-05-12T17:10:14.402,idle,25.5,3100,4029.18,1766.89,78.4,3222.0,78.7,-1.0,40.6,12.1,41.0,8.0
2026-05-12T17:10:15.403,idle,29.9,3100,4030.12,1767.5,78.4,3222.0,78.7,-1.0,43.9,19.0,43.0,14.0
2026-05-12T17:10:16.407,idle,26.4,3100,4053.23,1743.66,78.7,3222.0,78.7,-1.0,42.0,16.0,38.8,9.0
2026-05-12T17:10:17.408,idle,25.6,3100,4046.33,1750.84,78.6,3222.0,78.7,-1.0,42.0,12.1,39.0,9.0
2026-05-12T17:10:18.412,idle,25.8,3100,4041.64,1754.75,78.6,3222.0,78.7,-1.0,42.4,13.0,40.0,8.0
2026-05-12T17:10:19.415,idle,36.9,3100,4014.72,1781.53,78.3,3222.0,78.7,-1.0,51.0,26.0,52.5,18.2
2026-05-12T17:10:20.415,idle,29.4,3100,4014.97,1780.91,78.3,3222.0,78.7,-1.0,45.9,16.2,43.4,12.1
2026-05-12T17:10:21.416,idle,22.8,3100,4015.03,1780.66,78.3,3222.0,78.7,-1.0,35.4,11.0,39.4,5.9
2026-05-12T17:10:22.418,idle,37.4,3100,4016.02,1780.22,78.3,3222.0,78.7,-1.0,49.0,29.3,48.0,23.2
2026-05-12T17:10:23.418,idle,22.5,3100,4016.02,1779.76,78.3,3222.0,78.7,-1.0,37.4,10.1,36.7,6.0
2026-05-12T17:10:24.423,idle,23.6,3100,4013.01,1783.28,78.2,3222.0,78.7,-1.0,39.0,12.9,35.6,6.9
2026-05-12T17:10:25.423,idle,23.5,3100,4011.45,1784.63,78.2,3222.0,78.7,-1.0,40.4,10.1,37.4,6.1
2026-05-12T17:10:26.426,idle,26.0,3100,4005.4,1790.99,78.1,3222.0,78.7,-1.0,43.0,14.1,37.8,9.1
2026-05-12T17:10:27.429,idle,22.5,3100,4002.82,1793.35,78.1,3222.0,78.7,-1.0,37.4,10.0,36.0,6.9
2026-05-12T17:10:28.431,idle,19.9,3100,4003.39,1792.23,78.1,3222.0,78.7,-1.0,43.4,8.1,24.0,4.0
2026-05-12T17:10:29.431,idle,23.0,3100,4003.46,1792.77,78.1,3222.0,78.7,-1.0,42.0,13.9,31.3,5.0
2026-05-12T17:10:30.432,idle,21.4,3100,4003.51,1792.57,78.1,3222.0,78.7,-1.0,43.4,10.1,28.3,4.0
2026-05-12T17:10:31.437,idle,20.7,3100,4003.36,1792.74,78.1,3222.0,78.7,-1.0,41.0,9.0,28.7,4.0
2026-05-12T17:10:32.441,idle,22.0,3100,4026.54,1769.8,78.4,3222.0,78.7,-1.0,38.4,9.9,33.3,6.9
2026-05-12T17:10:33.441,idle,43.9,3100,4116.04,1677.62,79.5,3222.0,78.7,-1.0,78.0,14.3,67.0,15.3
2026-05-12T17:10:34.442,idle,50.9,3100,4128.17,1658.32,79.8,3222.0,78.7,-1.0,82.0,25.0,75.8,21.0
2026-05-12T17:10:35.442,idle,39.0,3100,4130.47,1664.38,79.7,3222.0,78.7,-1.0,66.7,15.2,60.0,14.1
2026-05-12T17:10:36.446,idle,43.6,3100,4118.61,1667.7,79.6,3222.0,78.7,-1.0,70.0,20.2,64.6,19.2
2026-05-12T17:10:37.448,idle,30.8,3100,4103.93,1683.67,79.4,3222.0,78.7,-1.0,48.5,15.2,44.4,15.2
2026-05-12T17:10:38.452,idle,51.4,3100,4097.31,1690.56,79.4,3222.0,78.7,-1.0,85.0,18.0,85.1,17.0
2026-05-12T17:10:39.456,idle,29.8,3100,4103.14,1686.32,79.4,3222.0,78.7,-1.0,51.5,12.0,47.5,8.1
2026-05-12T17:10:40.456,idle,27.7,3100,4106.29,1683.06,79.5,3222.0,78.7,-1.0,51.0,7.2,43.4,9.0
2026-05-12T17:10:41.457,idle,36.0,3100,4109.62,1682.22,79.5,3222.0,78.7,-1.0,66.0,7.0,63.4,7.1
2026-05-12T17:10:42.462,idle,32.7,3100,4119.16,1673.81,79.6,3222.0,78.7,-1.0,57.0,12.0,51.0,11.0
2026-05-12T17:10:43.465,idle,36.8,3100,4113.46,1679.17,79.5,3222.0,78.7,-1.0,63.0,12.0,62.0,10.1
2026-05-12T17:10:44.469,idle,44.3,3100,4113.42,1680.05,79.5,3222.0,78.7,-1.0,76.8,13.1,75.0,12.1
2026-05-12T17:10:45.470,idle,32.8,3100,4114.94,1678.75,79.5,3222.0,78.7,-1.0,57.0,10.1,55.0,9.0
2026-05-12T17:10:46.472,idle,31.2,3100,4118.49,1677.82,79.5,3222.0,78.7,-1.0,54.5,10.0,50.0,10.1
2026-05-12T17:10:47.475,idle,29.9,3100,4118.75,1678.32,79.5,3222.0,78.7,-1.0,54.0,9.1,47.5,9.0
2026-05-12T17:10:48.479,idle,33.2,3100,4117.79,1680.71,79.5,3222.0,78.7,-1.0,58.0,10.1,55.6,9.1
2026-05-12T17:10:49.483,idle,40.6,3100,4117.47,1682.79,79.5,3222.0,78.7,-1.0,73.0,10.1,68.3,10.1
2026-05-12T17:10:50.487,idle,30.7,3100,4118.19,1681.57,79.5,3222.0,78.7,-1.0,56.6,8.0,50.0,9.0
2026-05-12T17:10:51.491,idle,39.7,3100,4111.4,1688.82,79.4,3222.0,78.7,-1.0,70.3,10.1,68.3,9.1
2026-05-12T17:10:52.495,idle,34.2,3100,4111.78,1688.82,79.4,3222.0,78.7,-1.0,64.0,9.1,56.0,7.1
2026-05-12T17:10:53.499,idle,32.1,3100,4111.59,1689.15,79.4,3222.0,78.7,-1.0,60.6,6.0,55.6,6.9
2026-05-12T17:10:54.502,idle,6.7,3100,4110.92,1689.82,79.4,3222.0,78.7,-1.0,13.0,1.0,11.0,2.0
2026-05-12T17:10:55.503,idle,5.0,3100,4103.37,1697.47,79.3,3222.0,78.7,-1.0,9.1,2.0,9.0,0.0
2026-05-12T17:10:56.507,idle,8.0,3100,4095.79,1705.63,79.2,3222.0,78.7,-1.0,14.1,3.0,12.1,3.0
2026-05-12T17:10:57.509,idle,7.0,3100,4086.16,1715.41,79.1,3222.0,78.7,-1.0,11.9,3.0,11.0,2.0
2026-05-12T17:10:58.512,idle,27.4,3100,4052.77,1748.55,78.7,3222.0,78.7,-1.0,46.5,11.0,40.4,12.0
2026-05-12T17:10:59.516,idle,20.4,3100,4061.83,1740.15,78.8,3222.0,78.7,-1.0,32.0,10.1,30.0,9.1
2026-05-12T17:11:00.520,idle,23.2,3100,4063.52,1738.38,78.8,3222.0,78.7,-1.0,44.4,6.1,35.4,7.0
2026-05-12T17:11:01.526,idle,17.9,3100,4064.84,1737.27,78.8,3222.0,78.7,-1.0,33.7,5.0,28.7,4.0
2026-05-12T17:11:02.530,idle,19.8,3100,4080.57,1722.2,79.0,3222.0,78.7,-1.0,37.4,6.0,32.0,5.0
2026-05-12T17:11:03.535,idle,32.0,3100,4085.61,1716.92,79.0,3222.0,78.7,-1.0,57.0,8.2,53.5,8.1
2026-05-12T17:11:04.541,idle,26.8,3100,4099.95,1702.85,79.2,3222.0,78.7,-1.0,51.0,7.0,43.4,6.0
2026-05-12T17:11:05.545,idle,34.5,3100,4111.56,1692.45,79.3,3222.0,78.7,-1.0,59.6,12.0,56.0,10.2
2026-05-12T17:11:06.551,idle,39.4,3100,4115.12,1688.08,79.4,3222.0,78.7,-1.0,69.0,8.1,72.3,7.9
2026-05-12T17:11:07.555,idle,24.0,3100,4109.16,1694.16,79.3,3222.0,78.7,-1.0,41.6,8.0,39.4,7.0
2026-05-12T17:11:08.558,idle,41.0,3100,4107.91,1695.31,79.3,3222.0,78.7,-1.0,75.0,7.0,74.0,7.1
2026-05-12T17:11:09.563,idle,27.1,3100,4112.96,1690.81,79.4,3222.0,78.7,-1.0,48.5,8.1,44.0,8.0
2026-05-12T17:11:10.566,idle,16.6,3100,4108.91,1695.13,79.3,3222.0,78.7,-1.0,34.0,4.0,26.3,2.0
2026-05-12T17:11:11.569,idle,10.2,3100,4073.62,1731.83,78.9,3222.0,78.7,-1.0,20.0,1.0,17.0,3.0
2026-05-12T17:11:12.573,idle,22.1,3100,4076.14,1729.39,78.9,3222.0,78.7,-1.0,40.4,6.0,37.4,5.0
2026-05-12T17:11:13.574,idle,29.8,3100,4067.26,1738.29,78.8,3222.0,78.7,-1.0,56.0,6.1,49.5,7.0
2026-05-12T17:11:14.578,idle,20.2,3100,4009.11,1796.01,78.1,3222.0,78.7,-1.0,40.0,5.0,33.3,2.0
2026-05-12T17:11:15.582,idle,18.8,3100,4052.76,1752.04,78.6,3222.0,78.7,-1.0,31.3,8.0,28.0,8.0
2026-05-12T17:11:16.582,idle,17.3,3100,4038.0,1767.44,78.4,3222.0,78.7,-1.0,33.0,7.0,23.2,6.0
2026-05-12T17:11:17.588,idle,7.5,3100,4038.03,1767.66,78.4,3222.0,78.7,-1.0,18.0,1.0,8.0,3.0
2026-05-12T17:11:18.590,idle,10.6,3100,4048.77,1756.87,78.6,3222.0,78.7,-1.0,21.2,4.0,15.0,2.0
2026-05-12T17:11:19.593,idle,34.1,3100,4069.35,1735.96,78.8,3222.0,78.7,-1.0,63.0,7.0,58.6,7.9
2026-05-12T17:11:20.597,idle,5.0,3100,4067.8,1737.83,78.8,3222.0,78.7,-1.0,10.1,2.0,7.1,1.0
2026-05-12T17:11:21.631,idle,26.2,3100,4092.2,1713.23,79.1,3222.0,78.7,-1.0,49.0,5.8,44.7,4.9
2026-05-12T17:11:22.633,idle,23.3,3100,4091.8,1714.27,79.1,3222.0,78.7,-1.0,43.4,4.0,41.0,5.0
2026-05-12T17:11:23.636,idle,24.6,3100,4092.04,1714.0,79.1,3222.0,78.7,-1.0,45.5,8.0,38.0,7.1
2026-05-12T17:11:24.640,idle,6.2,3100,4075.2,1730.98,78.9,3222.0,78.7,-1.0,11.9,2.0,9.0,2.0
2026-05-12T17:11:25.643,idle,14.6,3100,4080.34,1726.18,78.9,3222.0,78.7,-1.0,26.3,4.0,24.2,4.0
2026-05-12T17:11:26.647,idle,6.3,3100,4078.59,1727.47,78.9,3222.0,78.7,-1.0,13.0,2.0,8.1,2.0
2026-05-12T17:11:27.649,idle,24.5,3100,4057.63,1748.78,78.7,3222.0,78.7,-1.0,44.4,7.0,40.6,6.0
2026-05-12T17:11:28.653,idle,23.1,3100,4051.83,1754.62,78.6,3222.0,78.7,-1.0,40.0,8.1,35.4,9.0
2026-05-12T17:11:29.654,idle,29.6,3100,4056.89,1749.84,78.6,3222.0,78.7,-1.0,55.6,6.1,52.5,4.1
2026-05-12T17:11:30.655,idle,19.0,3100,4037.17,1769.41,78.4,3222.0,78.7,-1.0,35.0,5.0,32.0,4.0
2026-05-12T17:11:31.660,idle,44.0,3100,4066.43,1739.82,78.8,3222.0,78.7,-1.0,77.8,12.1,75.0,11.0
2026-05-12T17:11:32.662,idle,36.1,3100,4066.97,1739.71,78.8,3222.0,78.7,-1.0,59.0,17.8,54.5,13.1
2026-05-12T17:11:33.666,idle,27.7,3100,4072.73,1734.0,78.8,3222.0,78.7,-1.0,43.6,14.0,39.0,14.0
2026-05-12T17:11:34.667,idle,8.6,3100,4072.74,1733.95,78.8,3222.0,78.7,-1.0,16.2,2.0,14.1,2.0
2026-05-12T17:11:35.671,idle,5.8,3100,4072.7,1733.48,78.8,3222.0,78.7,-1.0,10.1,2.0,9.0,2.0
2026-05-12T17:11:36.675,idle,6.0,3100,4041.95,1764.61,78.5,3222.0,78.7,-1.0,10.0,2.0,10.0,2.0
2026-05-12T17:11:37.680,idle,7.5,3100,4040.69,1765.78,78.4,3222.0,78.7,-1.0,14.0,2.0,12.0,2.0
2026-05-12T17:11:38.683,idle,5.8,3100,4022.09,1784.66,78.2,3222.0,78.7,-1.0,11.1,3.0,8.2,1.0
2026-05-12T17:11:39.687,idle,22.3,3100,4034.1,1773.48,78.4,3222.0,78.7,-1.0,38.0,8.1,35.6,7.0
2026-05-12T17:11:40.690,idle,41.1,3100,4069.14,1737.48,78.8,3222.0,78.7,-1.0,75.0,7.1,75.0,7.0
2026-05-12T17:11:41.691,idle,18.6,3100,4069.14,1737.48,78.8,3222.0,78.7,-1.0,33.3,5.0,32.3,4.0
2026-05-12T17:11:42.693,idle,17.6,3100,4069.65,1737.26,78.8,3222.0,78.7,-1.0,35.0,4.0,27.3,4.0
2026-05-12T17:11:43.697,idle,14.9,3100,4072.39,1734.4,78.8,3222.0,78.7,-1.0,26.7,4.0,25.0,4.0
2026-05-12T17:11:44.700,idle,25.3,3100,4073.5,1733.63,78.8,3222.0,78.7,-1.0,48.0,6.1,41.0,6.1
2026-05-12T17:11:45.704,idle,13.9,3100,4064.01,1743.07,78.7,3222.0,78.7,-1.0,26.3,5.1,20.2,4.0
2026-05-12T17:11:46.707,idle,23.1,3100,4073.43,1733.68,78.8,3222.0,78.7,-1.0,40.0,8.1,36.4,8.0
2026-05-12T17:11:47.710,idle,18.6,3100,4078.38,1728.42,78.9,3222.0,78.7,-1.0,33.0,7.0,30.0,4.1
2026-05-12T17:11:48.715,idle,11.5,3100,4079.93,1727.37,78.9,3222.0,78.7,-1.0,20.0,4.0,18.2,4.0
2026-05-12T17:11:49.717,idle,15.4,3100,4084.76,1722.04,79.0,3222.0,78.7,-1.0,26.5,5.1,25.3,5.1
2026-05-12T17:11:50.721,idle,14.5,3100,4087.59,1719.96,79.0,3222.0,78.7,-1.0,26.0,5.1,22.0,5.0
2026-05-12T17:11:51.723,idle,25.3,3100,4098.81,1708.33,79.1,3222.0,78.7,-1.0,53.5,7.9,32.0,8.1
2026-05-12T17:11:52.723,idle,18.7,3100,4092.52,1714.54,79.1,3222.0,78.7,-1.0,40.4,5.1,24.5,5.0
2026-05-12T17:11:53.723,idle,19.3,3100,4078.27,1706.05,79.2,3222.0,78.7,-1.0,46.5,6.0,22.0,3.0
2026-05-12T17:11:54.724,idle,23.6,3100,4063.82,1706.21,79.2,3222.0,78.7,-1.0,55.0,5.0,29.3,5.0
2026-05-12T17:11:55.726,idle,21.7,3100,4047.03,1710.08,79.1,3222.0,78.7,-1.0,55.6,5.1,22.2,4.0
2026-05-12T17:11:56.730,idle,32.3,3100,4053.81,1701.23,79.2,3222.0,78.7,-1.0,60.6,14.9,43.4,11.0
2026-05-12T17:11:57.733,idle,41.4,3100,4038.73,1720.34,79.0,3222.0,78.7,-1.0,72.3,10.1,71.3,11.0
2026-05-12T17:11:58.737,idle,31.1,3100,4038.12,1720.43,79.0,3222.0,78.7,-1.0,50.5,14.1,46.5,13.1
2026-05-12T17:11:59.742,idle,28.5,3100,4049.84,1709.43,79.1,3222.0,78.7,-1.0,53.5,8.0,46.0,6.1
2026-05-12T17:12:00.747,idle,23.9,3100,4052.75,1706.25,79.2,3222.0,78.7,-1.0,43.4,6.1,39.6,6.1
2026-05-12T17:12:01.750,idle,28.6,3100,4097.93,1660.95,79.7,3222.0,78.7,-1.0,49.0,10.0,46.9,9.0
2026-05-12T17:12:02.754,idle,41.4,3100,4098.82,1660.8,79.7,3222.0,78.7,-1.0,74.0,8.1,74.0,9.0
2026-05-12T17:12:03.757,idle,40.4,3100,4103.16,1656.15,79.8,3222.0,78.7,-1.0,71.0,9.0,74.3,7.0
2026-05-12T17:12:04.761,idle,22.9,3100,4096.03,1662.97,79.7,3222.0,78.7,-1.0,43.4,5.1,38.0,5.1
2026-05-12T17:12:05.761,idle,13.6,3100,4104.12,1654.9,79.8,3222.0,78.7,-1.0,26.5,4.0,20.4,4.0
2026-05-12T17:12:06.762,idle,33.2,3100,4098.77,1660.55,79.7,3222.0,78.7,-1.0,61.4,4.1,62.0,4.0
2026-05-12T17:12:07.768,idle,33.7,3100,4087.34,1672.05,79.6,3222.0,78.7,-1.0,64.0,5.9,60.0,5.0
2026-05-12T17:12:08.774,idle,45.6,3100,4097.61,1681.46,79.5,3222.0,78.7,-1.0,76.2,18.2,69.7,18.0
2026-05-12T17:12:09.776,idle,31.2,3100,4102.55,1676.73,79.5,3222.0,78.7,-1.0,58.6,7.0,53.5,6.0
2026-05-12T17:12:10.776,idle,41.5,3100,4089.61,1670.56,79.6,3190.0,77.9,-1.0,65.7,21.4,57.0,21.4
2026-05-12T17:12:11.777,idle,18.1,3100,4080.64,1687.25,79.4,3190.0,77.9,-1.0,32.0,7.0,26.5,7.0
2026-05-12T17:12:12.779,idle,41.1,3100,4091.11,1665.01,79.7,3190.0,77.9,-1.0,73.0,12.1,65.7,13.1
2026-05-12T17:12:13.784,idle,36.3,3100,4082.48,1669.46,79.6,3190.0,77.9,-1.0,63.0,12.1,58.4,11.1
2026-05-12T17:12:14.787,idle,20.4,3100,4074.61,1677.74,79.5,3190.0,77.9,-1.0,40.0,5.1,31.3,5.0
2026-05-12T17:12:15.792,idle,19.8,3100,4074.41,1679.87,79.5,3190.0,77.9,-1.0,38.4,6.9,29.0,5.1
2026-05-12T17:12:16.794,idle,22.6,3100,4042.39,1697.88,79.3,3190.0,77.9,-1.0,40.0,8.1,33.3,9.0
2026-05-12T17:12:17.797,idle,14.8,3100,4038.46,1702.07,79.2,3190.0,77.9,-1.0,26.3,7.0,20.0,6.0
2026-05-12T17:12:18.800,idle,33.4,3100,4040.29,1700.12,79.2,3190.0,77.9,-1.0,57.6,11.1,56.1,9.1
2026-05-12T17:12:19.805,idle,24.7,3100,4042.61,1698.62,79.3,3190.0,77.9,-1.0,40.6,10.0,37.6,10.1
2026-05-12T17:12:20.807,idle,22.3,3100,4053.47,1688.66,79.4,3190.0,77.9,-1.0,40.4,7.1,34.0,7.9
2026-05-12T17:12:21.808,idle,16.8,3100,4053.53,1687.54,79.4,3190.0,77.9,-1.0,28.6,8.0,25.5,5.1
2026-05-12T17:12:22.812,idle,10.7,3100,4054.06,1686.97,79.4,3190.0,77.9,-1.0,22.0,3.0,14.0,4.0
2026-05-12T17:12:23.817,idle,17.8,3100,4019.85,1722.54,79.0,3190.0,77.9,-1.0,34.3,7.0,24.2,6.0
2026-05-12T17:12:24.818,idle,24.7,3100,4043.06,1700.57,79.2,3190.0,77.9,-1.0,47.0,6.1,38.4,7.1
2026-05-12T17:12:25.818,idle,19.4,3100,4044.98,1699.07,79.3,3190.0,77.9,-1.0,37.4,4.0,33.3,3.0
2026-05-12T17:12:26.822,idle,23.1,3100,4063.46,1681.38,79.5,3190.0,77.9,-1.0,41.0,8.0,36.0,7.1
2026-05-12T17:12:27.827,idle,19.0,3100,4065.97,1679.86,79.5,3190.0,77.9,-1.0,35.4,6.0,29.0,6.0
2026-05-12T17:12:28.827,idle,18.0,3100,4071.21,1675.84,79.5,3190.0,77.9,-1.0,29.0,6.1,28.0,9.0
2026-05-12T17:12:29.828,idle,31.8,3100,4081.75,1662.73,79.7,3190.0,77.9,-1.0,64.6,7.1,49.5,6.1
2026-05-12T17:12:30.833,idle,24.2,3100,4068.94,1663.61,79.7,3190.0,77.9,-1.0,55.0,7.9,27.3,6.9
2026-05-12T17:12:31.834,idle,21.0,3100,4057.98,1678.36,79.5,3190.0,77.9,-1.0,54.5,5.1,20.2,4.0
2026-05-12T17:12:32.839,idle,19.0,3100,4043.29,1671.24,79.6,3190.0,77.9,-1.0,48.5,5.0,19.4,4.0
2026-05-12T17:12:33.842,idle,27.1,3100,4022.12,1669.69,79.6,3190.0,77.9,-1.0,61.6,7.1,34.7,5.1
2026-05-12T17:12:34.845,idle,26.3,3100,3972.73,1701.82,79.2,3190.0,77.9,-1.0,57.0,8.0,32.0,8.9
2026-05-12T17:12:35.845,idle,22.4,3100,3957.77,1706.05,79.2,3190.0,77.9,-1.0,52.0,6.1,25.3,5.1
2026-05-12T17:12:36.849,idle,21.5,3100,3953.1,1705.43,79.2,3190.0,77.9,-1.0,50.0,5.9,27.3,3.0
2026-05-12T17:12:37.851,idle,25.8,3100,3924.29,1733.59,78.8,3190.0,77.9,-1.0,59.6,2.0,39.4,2.0
2026-05-12T17:12:38.851,idle,26.3,3100,4007.63,1650.75,79.8,3190.0,77.9,-1.0,57.6,4.0,40.0,4.0
2026-05-12T17:12:39.855,idle,23.1,3100,3995.21,1661.87,79.7,3190.0,77.9,-1.0,50.5,8.0,28.3,6.0
2026-05-12T17:12:40.857,idle,24.1,3100,4001.75,1652.26,79.8,3190.0,77.9,-1.0,64.0,5.1,22.2,5.0
2026-05-12T17:12:41.861,idle,24.3,3100,4000.79,1644.71,79.9,3190.0,77.9,-1.0,54.5,5.0,33.0,5.0
2026-05-12T17:12:42.866,idle,55.5,3100,3991.95,1645.89,79.9,3190.0,77.9,-1.0,78.2,30.7,80.0,33.0
2026-05-12T17:12:43.870,idle,54.9,3100,3996.46,1641.8,80.0,3190.0,77.9,-1.0,79.0,30.0,78.2,32.0
2026-05-12T17:12:44.874,idle,69.6,3100,3983.48,1651.68,79.8,3190.0,77.9,-1.0,87.1,55.0,82.2,53.5
2026-05-12T17:12:45.877,idle,54.6,3100,3981.98,1653.78,79.8,3190.0,77.9,-1.0,76.0,32.7,73.7,36.6
2026-05-12T17:12:46.877,idle,54.9,3100,3980.98,1654.87,79.8,3190.0,77.9,-1.0,80.8,27.6,75.2,35.4
2026-05-12T17:12:47.881,idle,53.0,3100,3948.52,1686.97,79.4,3190.0,77.9,-1.0,77.0,28.7,70.7,36.0
2026-05-12T17:12:48.884,idle,18.8,3100,3951.19,1685.43,79.4,3190.0,77.9,-1.0,40.0,5.1,24.0,6.0
2026-05-12T17:12:49.887,idle,27.5,3100,3963.5,1674.09,79.6,3190.0,77.9,-1.0,54.0,8.0,41.0,7.0
2026-05-12T17:12:50.891,idle,23.3,3100,3828.4,1811.16,77.9,3190.0,77.9,-1.0,43.0,10.9,27.3,12.0
2026-05-12T17:12:51.892,idle,6.0,3100,3828.11,1811.29,77.9,3190.0,77.9,-1.0,13.1,2.0,8.1,1.0
2026-05-12T17:12:52.893,idle,5.2,3100,3828.84,1811.16,77.9,3190.0,77.9,-1.0,9.0,2.0,8.0,2.0
2026-05-12T17:12:53.895,idle,4.5,3100,3829.17,1810.44,77.9,3190.0,77.9,-1.0,8.0,1.0,7.1,2.0
2026-05-12T17:12:54.899,idle,5.8,3100,3821.02,1818.54,77.8,3190.0,77.9,-1.0,10.2,2.0,9.9,1.0
2026-05-12T17:12:55.902,idle,23.9,3100,3835.6,1804.99,78.0,3190.0,77.9,-1.0,44.0,5.1,42.4,4.0
2026-05-12T17:12:56.905,idle,20.9,3100,3843.62,1797.31,78.1,3190.0,77.9,-1.0,38.0,7.0,33.3,5.1
2026-05-12T17:12:57.908,idle,19.1,3100,3851.7,1789.95,78.2,3190.0,77.9,-1.0,34.3,6.0,28.0,8.0
2026-05-12T17:12:58.912,idle,17.3,3100,3852.02,1789.26,78.2,3190.0,77.9,-1.0,32.0,5.1,26.3,6.0
2026-05-12T17:12:59.916,idle,20.8,3100,3852.24,1789.47,78.2,3190.0,77.9,-1.0,39.0,7.0,30.3,7.0
2026-05-12T17:13:00.918,idle,16.3,3100,3861.54,1780.65,78.3,3190.0,77.9,-1.0,31.3,4.0,26.0,4.0
2026-05-12T17:13:01.923,idle,18.3,3100,3886.18,1756.99,78.6,3190.0,77.9,-1.0,33.0,6.0,29.0,5.1
2026-05-12T17:13:02.924,idle,17.6,3100,3889.83,1753.71,78.6,3190.0,77.9,-1.0,30.6,6.0,29.3,5.0
2026-05-12T17:13:03.925,idle,19.4,3100,3890.23,1755.0,78.6,3190.0,77.9,-1.0,36.0,6.1,30.3,5.1
2026-05-12T17:13:04.927,idle,16.6,3100,3903.32,1744.98,78.7,3190.0,77.9,-1.0,31.0,5.0,26.3,4.0
2026-05-12T17:13:05.927,idle,17.6,3100,3909.52,1740.05,78.8,3190.0,77.9,-1.0,31.3,6.1,26.3,7.0
2026-05-12T17:13:06.927,idle,28.2,3100,3906.57,1742.93,78.7,3190.0,77.9,-1.0,54.5,6.0,46.5,6.0
2026-05-12T17:13:07.927,idle,25.3,3100,3913.97,1738.98,78.8,3190.0,77.9,-1.0,55.6,7.1,32.7,6.0
2026-05-12T17:13:08.932,idle,21.0,3100,3916.01,1737.21,78.8,3190.0,77.9,-1.0,38.0,8.0,35.0,3.0
2026-05-12T17:13:09.935,idle,33.3,3100,3948.74,1712.58,79.1,3190.0,77.9,-1.0,49.0,18.0,50.0,16.0
2026-05-12T17:13:10.938,idle,19.8,3100,3932.22,1729.55,78.9,3190.0,77.9,-1.0,43.0,6.0,25.3,5.1
2026-05-12T17:13:11.942,idle,20.7,3100,3942.22,1720.45,79.0,3190.0,77.9,-1.0,48.5,3.0,28.7,3.0
2026-05-12T17:13:12.945,idle,25.0,3100,3935.41,1727.51,78.9,3190.0,77.9,-1.0,54.1,5.9,35.4,5.0
2026-05-12T17:13:13.947,idle,19.2,3100,3948.5,1713.76,79.1,3190.0,77.9,-1.0,47.5,3.0,22.2,4.0
2026-05-12T17:13:14.952,idle,22.1,3100,3980.03,1681.51,79.5,3158.0,77.1,-1.0,47.5,6.0,30.7,4.0
2026-05-12T17:13:15.952,idle,54.4,3100,4037.56,1602.54,80.4,3158.0,77.1,-1.0,69.7,42.0,64.6,41.4
2026-05-12T17:13:16.956,idle,20.7,3100,4033.34,1600.65,80.5,3158.0,77.1,-1.0,32.3,11.1,27.3,12.0
2026-05-12T17:13:17.958,idle,12.3,3100,4037.81,1595.59,80.5,3158.0,77.1,-1.0,19.0,6.0,19.0,5.1
2026-05-12T17:13:18.963,idle,11.3,3100,4041.02,1591.97,80.6,3158.0,77.1,-1.0,17.2,6.0,16.2,5.9
2026-05-12T17:13:19.967,idle,9.6,3100,4041.21,1592.46,80.6,3158.0,77.1,-1.0,16.2,4.0,14.1,4.0
2026-05-12T17:13:20.968,idle,18.5,3100,4021.77,1613.2,80.3,3158.0,77.1,-1.0,27.7,13.0,24.2,9.1
2026-05-12T17:13:21.970,idle,12.3,3100,4015.92,1619.23,80.2,3158.0,77.1,-1.0,17.3,6.0,21.0,5.1
2026-05-12T17:13:22.970,idle,11.6,3100,4012.68,1622.41,80.2,3158.0,77.1,-1.0,19.2,6.0,16.2,5.0
2026-05-12T17:13:23.974,idle,12.6,3100,4004.4,1630.78,80.1,3158.0,77.1,-1.0,22.0,5.1,18.0,5.1
2026-05-12T17:13:24.978,idle,10.1,3100,4005.26,1630.29,80.1,3158.0,77.1,-1.0,17.2,5.0,14.1,4.0
2026-05-12T17:13:25.983,idle,11.2,3100,4008.54,1627.68,80.1,3158.0,77.1,-1.0,18.0,4.0,17.0,5.9
2026-05-12T17:13:26.988,idle,17.2,3100,4008.6,1627.94,80.1,3158.0,77.1,-1.0,27.0,8.0,27.0,7.0
2026-05-12T17:13:27.993,idle,11.8,3100,4004.48,1632.24,80.1,3158.0,77.1,-1.0,19.0,6.9,16.2,5.1
2026-05-12T17:13:28.998,idle,15.3,3100,4003.16,1633.77,80.1,3158.0,77.1,-1.0,23.2,11.0,19.2,7.9
2026-05-12T17:13:30.002,idle,11.8,3100,3999.29,1637.91,80.0,3158.0,77.1,-1.0,18.2,6.1,18.0,5.1
2026-05-12T17:13:31.007,idle,18.3,3100,3998.21,1639.06,80.0,3158.0,77.1,-1.0,34.0,4.0,31.3,4.0
2026-05-12T17:13:32.007,idle,12.5,3100,4002.87,1634.52,80.0,3158.0,77.1,-1.0,20.0,5.9,21.0,4.0
2026-05-12T17:13:33.012,idle,12.7,3100,3999.82,1637.09,80.0,3158.0,77.1,-1.0,21.2,4.0,19.0,5.9
2026-05-12T17:13:34.017,idle,16.6,3100,4002.05,1634.84,80.0,3158.0,77.1,-1.0,25.3,11.0,22.2,8.0
2026-05-12T17:13:35.020,idle,18.8,3100,4004.91,1634.86,80.0,3158.0,77.1,-1.0,35.0,8.1,23.0,9.0
2026-05-12T17:13:36.024,idle,29.5,3100,4009.34,1632.03,80.1,3158.0,77.1,-1.0,50.5,15.8,38.8,13.1
2026-05-12T17:13:37.029,idle,15.5,3100,4008.18,1633.39,80.1,3158.0,77.1,-1.0,24.2,10.0,20.8,7.1
2026-05-12T17:13:38.034,idle,13.5,3100,4009.34,1631.77,80.1,3158.0,77.1,-1.0,23.8,8.0,17.3,5.9
2026-05-12T17:13:39.036,idle,13.3,3100,4008.7,1632.74,80.1,3158.0,77.1,-1.0,22.2,4.1,20.0,6.0
2026-05-12T17:13:40.036,idle,9.8,3100,4009.58,1631.66,80.1,3158.0,77.1,-1.0,15.2,5.0,15.2,4.0
2026-05-12T17:13:41.038,idle,9.6,3100,4009.76,1632.18,80.1,3158.0,77.1,-1.0,16.2,4.0,14.1,4.0
2026-05-12T17:13:42.041,idle,12.0,3100,4009.79,1631.58,80.1,3158.0,77.1,-1.0,24.0,4.0,15.8,4.0
2026-05-12T17:13:43.044,idle,12.1,3100,4014.37,1628.33,80.1,3158.0,77.1,-1.0,19.2,7.0,16.2,6.0
2026-05-12T17:13:44.046,idle,13.5,3100,4014.99,1628.5,80.1,3158.0,77.1,-1.0,23.8,6.0,19.0,5.0
2026-05-12T17:13:45.047,idle,8.1,3100,4012.77,1629.79,80.1,3158.0,77.1,-1.0,15.3,2.0,11.1,4.0
2026-05-12T17:13:46.047,idle,9.3,3100,4035.05,1608.2,80.4,3158.0,77.1,-1.0,15.2,6.0,12.2,4.0
2026-05-12T17:13:47.048,idle,9.3,3100,4035.16,1608.91,80.4,3158.0,77.1,-1.0,16.2,3.0,15.0,3.1
2026-05-12T17:13:48.053,idle,10.0,3100,4044.77,1599.48,80.5,3158.0,77.1,-1.0,14.9,5.9,15.2,4.0
2026-05-12T17:13:49.057,idle,11.0,3100,4043.93,1599.91,80.5,3158.0,77.1,-1.0,18.2,5.0,15.8,5.0
2026-05-12T17:13:50.058,idle,8.3,3100,4044.67,1599.42,80.5,3158.0,77.1,-1.0,14.0,4.0,11.1,4.0
2026-05-12T17:13:51.059,idle,8.8,3100,4032.86,1611.31,80.3,3158.0,77.1,-1.0,15.2,3.1,13.1,4.0
2026-05-12T17:13:52.064,idle,9.0,3100,4011.96,1632.71,80.1,3158.0,77.1,-1.0,13.3,5.0,15.2,3.0
2026-05-12T17:13:53.068,idle,8.5,3100,4012.36,1632.12,80.1,3158.0,77.1,-1.0,14.0,5.0,11.9,3.0
2026-05-12T17:13:54.071,idle,11.2,3100,4008.59,1635.89,80.0,3158.0,77.1,-1.0,19.8,4.0,16.2,5.0
2026-05-12T17:13:55.074,idle,7.3,3100,4008.23,1636.13,80.0,3158.0,77.1,-1.0,11.1,4.0,10.1,4.0
2026-05-12T17:13:56.079,idle,16.5,3100,4010.02,1635.5,80.0,3158.0,77.1,-1.0,32.0,5.0,24.2,5.0
2026-05-12T17:13:57.079,idle,13.1,3100,4010.09,1635.46,80.0,3158.0,77.1,-1.0,21.2,5.1,23.0,3.0
2026-05-12T17:13:58.081,idle,9.3,3100,4009.14,1635.8,80.0,3158.0,77.1,-1.0,14.1,5.0,13.1,5.0
2026-05-12T17:13:59.085,idle,11.0,3100,4009.88,1635.43,80.0,3158.0,77.1,-1.0,17.0,6.1,16.0,5.0
2026-05-12T17:14:00.087,idle,15.1,3100,4015.91,1629.91,80.1,3158.0,77.1,-1.0,24.2,8.0,22.2,6.1
2026-05-12T17:14:01.090,idle,8.3,3100,4035.88,1609.27,80.4,3158.0,77.1,-1.0,12.0,4.0,13.0,4.0
2026-05-12T17:14:02.094,idle,10.8,3100,4035.89,1609.31,80.4,3158.0,77.1,-1.0,19.2,5.0,13.1,6.0
2026-05-12T17:14:03.095,idle,10.6,3100,4038.27,1607.08,80.4,3158.0,77.1,-1.0,17.2,5.1,16.2,4.0
2026-05-12T17:14:04.097,idle,9.8,3100,4037.55,1607.33,80.4,3158.0,77.1,-1.0,17.0,5.0,13.1,4.0
2026-05-12T17:14:05.097,idle,7.5,3100,4045.04,1600.12,80.5,3158.0,77.1,-1.0,12.1,3.0,11.0,4.0
2026-05-12T17:14:06.097,idle,10.3,3100,4037.64,1608.11,80.4,3158.0,77.1,-1.0,17.2,5.0,15.3,4.0
2026-05-12T17:14:07.098,idle,10.8,3100,4023.49,1624.8,80.2,3158.0,77.1,-1.0,16.2,5.1,18.0,4.0
2026-05-12T17:14:08.098,idle,10.6,3100,4013.84,1634.16,80.1,3158.0,77.1,-1.0,16.2,5.1,16.2,5.1
2026-05-12T17:14:09.099,idle,9.3,3100,4013.86,1633.7,80.1,3158.0,77.1,-1.0,16.2,3.0,14.1,4.0
2026-05-12T17:14:10.104,idle,7.8,3100,4012.48,1635.32,80.0,3158.0,77.1,-1.0,13.0,4.0,10.1,4.0
2026-05-12T17:14:11.107,idle,23.6,3100,4006.74,1643.38,79.9,3158.0,77.1,-1.0,37.4,13.0,32.0,12.0
2026-05-12T17:14:12.108,idle,22.1,3100,3998.49,1649.79,79.9,3158.0,77.1,-1.0,35.4,10.1,34.3,8.2
2026-05-12T17:14:13.108,idle,35.1,3100,4008.02,1639.62,80.0,3158.0,77.1,-1.0,48.5,23.5,46.5,22.2
2026-05-12T17:14:14.108,idle,38.1,3100,3990.21,1661.49,79.7,3158.0,77.1,-1.0,51.5,27.3,50.0,23.5
2026-05-12T17:14:15.113,idle,15.0,3100,4007.19,1644.35,79.9,3158.0,77.1,-1.0,21.2,9.0,23.0,7.0
2026-05-12T17:14:16.118,idle,12.8,3100,4030.73,1621.37,80.2,3158.0,77.1,-1.0,21.0,8.1,15.2,7.0
2026-05-12T17:14:17.120,idle,30.7,3100,4033.55,1619.39,80.2,3158.0,77.1,-1.0,44.4,22.2,37.0,19.2
2026-05-12T17:14:18.125,idle,9.2,3100,4033.57,1619.44,80.2,3158.0,77.1,-1.0,15.0,4.0,14.1,4.0
2026-05-12T17:14:19.130,idle,8.2,3100,4034.79,1618.71,80.2,3158.0,77.1,-1.0,14.0,4.0,12.0,3.0
2026-05-12T17:14:20.130,idle,9.0,3100,4044.95,1608.61,80.4,3158.0,77.1,-1.0,15.2,5.0,12.1,4.0
2026-05-12T17:14:21.135,idle,10.0,3100,4044.97,1608.16,80.4,3158.0,77.1,-1.0,16.0,4.0,15.8,4.0
2026-05-12T17:14:22.136,idle,9.8,3100,4043.9,1609.55,80.4,3158.0,77.1,-1.0,16.2,5.0,15.3,3.0
2026-05-12T17:14:23.137,idle,12.1,3100,4043.98,1609.5,80.4,3158.0,77.1,-1.0,18.2,7.0,18.0,5.1
2026-05-12T17:14:24.137,idle,13.6,3100,4043.37,1609.77,80.3,3158.0,77.1,-1.0,25.0,5.1,20.2,4.0
2026-05-12T17:14:25.137,idle,7.6,3100,4044.36,1609.07,80.4,3158.0,77.1,-1.0,13.1,3.0,11.1,3.0
2026-05-12T17:14:26.137,idle,8.5,3100,4036.6,1616.89,80.3,3158.0,77.1,-1.0,14.1,5.0,11.1,4.0
2026-05-12T17:14:27.143,idle,9.5,3100,4016.56,1636.72,80.0,3158.0,77.1,-1.0,16.0,3.0,17.0,2.0
2026-05-12T17:14:28.147,idle,7.8,3100,4013.31,1640.46,80.0,3158.0,77.1,-1.0,12.1,4.0,11.1,4.0
2026-05-12T17:14:29.151,idle,8.3,3100,4013.35,1640.47,80.0,3158.0,77.1,-1.0,12.0,9.0,10.0,2.0
2026-05-12T17:14:30.152,idle,8.0,3100,4012.71,1640.29,80.0,3158.0,77.1,-1.0,12.1,3.0,13.0,4.0
2026-05-12T17:14:31.157,idle,6.5,3100,4032.73,1620.67,80.2,3158.0,77.1,-1.0,11.0,3.9,9.1,2.0
2026-05-12T17:14:32.158,idle,7.8,3100,4032.75,1620.73,80.2,3158.0,77.1,-1.0,14.0,2.0,13.0,2.0
2026-05-12T17:14:33.159,idle,8.2,3100,4032.48,1620.71,80.2,3158.0,77.1,-1.0,13.1,4.0,13.0,3.0
2026-05-12T17:14:34.164,idle,13.0,3100,4034.2,1619.25,80.2,3158.0,77.1,-1.0,26.7,4.0,17.2,4.0
2026-05-12T17:14:35.164,idle,14.6,3100,4033.62,1619.88,80.2,3158.0,77.1,-1.0,24.5,8.0,20.0,6.1
2026-05-12T17:14:36.165,idle,8.3,3100,4033.79,1619.47,80.2,3158.0,77.1,-1.0,14.1,3.0,13.0,3.0
2026-05-12T17:14:37.169,idle,9.6,3100,4034.38,1619.53,80.2,3158.0,77.1,-1.0,16.0,5.1,13.3,4.0
2026-05-12T17:14:38.171,idle,8.0,3100,4034.53,1619.34,80.2,3158.0,77.1,-1.0,14.1,4.0,10.1,4.0
2026-05-12T17:14:39.172,idle,8.1,3100,4032.05,1622.38,80.2,3158.0,77.1,-1.0,14.1,4.0,12.0,2.0
2026-05-12T17:14:40.176,idle,6.5,3100,4028.02,1625.27,80.2,3158.0,77.1,-1.0,10.9,2.0,9.9,3.0
2026-05-12T17:14:41.176,idle,6.1,3100,4026.95,1626.73,80.1,3158.0,77.1,-1.0,11.1,2.0,8.2,3.0
2026-05-12T17:14:42.180,idle,9.5,3100,4022.43,1631.02,80.1,3158.0,77.1,-1.0,15.2,4.0,16.0,3.0
2026-05-12T17:14:43.186,idle,7.2,3100,4021.27,1632.46,80.1,3158.0,77.1,-1.0,12.0,3.0,10.9,3.0
2026-05-12T17:14:44.187,idle,11.0,3100,4018.4,1634.73,80.0,3158.0,77.1,-1.0,19.0,5.0,16.0,4.0
2026-05-12T17:14:45.192,idle,10.8,3100,4012.63,1641.08,80.0,3158.0,77.1,-1.0,20.0,5.0,14.3,4.0
2026-05-12T17:14:46.196,idle,11.2,3100,4013.48,1640.18,80.0,3158.0,77.1,-1.0,20.0,5.0,16.0,4.0
2026-05-12T17:14:47.198,idle,9.1,3100,4011.9,1641.64,80.0,3158.0,77.1,-1.0,15.2,3.1,14.1,4.0
2026-05-12T17:14:48.198,idle,11.8,3100,4008.62,1645.17,79.9,3158.0,77.1,-1.0,17.2,5.9,18.0,6.1
2026-05-12T17:14:49.198,idle,8.8,3100,4008.66,1645.22,79.9,3158.0,77.1,-1.0,14.1,4.0,13.0,4.0
2026-05-12T17:14:50.203,idle,8.8,3100,4011.24,1643.04,79.9,3158.0,77.1,-1.0,15.0,4.0,12.1,4.0
2026-05-12T17:14:51.205,idle,9.0,3100,4021.5,1632.26,80.1,3158.0,77.1,-1.0,15.2,4.0,14.0,3.0
2026-05-12T17:14:52.208,idle,10.3,3100,4020.72,1632.7,80.1,3158.0,77.1,-1.0,17.0,6.0,13.1,5.0
2026-05-12T17:14:53.212,idle,6.3,3100,4021.3,1632.67,80.1,3158.0,77.1,-1.0,11.1,2.0,10.0,3.0
2026-05-12T17:14:54.215,idle,9.3,3100,4018.44,1635.48,80.0,3158.0,77.1,-1.0,16.0,3.0,13.1,4.0
2026-05-12T17:14:55.219,idle,9.5,3100,4016.32,1638.59,80.0,3158.0,77.1,-1.0,15.2,5.0,15.0,3.0
2026-05-12T17:14:56.222,idle,19.0,3100,4006.8,1645.41,79.9,3158.0,77.1,-1.0,28.7,10.1,26.3,11.0
2026-05-12T17:14:57.222,idle,13.6,3100,4006.82,1645.6,79.9,3158.0,77.1,-1.0,22.4,6.1,19.2,7.0
2026-05-12T17:14:58.222,idle,15.5,3100,4022.17,1637.01,80.0,3158.0,77.1,-1.0,23.0,10.0,21.0,8.1
2026-05-12T17:14:59.226,idle,16.9,3100,4030.84,1629.19,80.1,3158.0,77.1,-1.0,29.0,5.9,29.0,4.0
2026-05-12T17:15:00.230,idle,9.3,3100,4030.48,1629.46,80.1,3158.0,77.1,-1.0,17.0,4.0,13.0,3.0
2026-05-12T17:15:01.235,idle,7.3,3100,4049.41,1610.58,80.3,3158.0,77.1,-1.0,12.0,3.0,11.1,3.0
2026-05-12T17:15:02.240,idle,9.3,3100,4050.11,1609.52,80.4,3158.0,77.1,-1.0,14.1,4.0,14.0,5.0
2026-05-12T17:15:03.241,idle,10.0,3100,4053.35,1608.81,80.4,3158.0,77.1,-1.0,18.0,5.0,14.0,4.0
2026-05-12T17:15:04.246,idle,8.8,3100,4053.47,1608.4,80.4,3158.0,77.1,-1.0,14.0,4.0,11.1,5.0
2026-05-12T17:15:05.248,idle,17.8,3100,4039.91,1607.05,80.4,3158.0,77.1,-1.0,33.3,7.1,24.0,7.0
2026-05-12T17:15:06.248,idle,16.2,3100,4005.2,1639.33,80.0,3158.0,77.1,-1.0,28.6,7.0,22.4,7.1
2026-05-12T17:15:07.250,idle,10.7,3100,4002.24,1643.1,79.9,3158.0,77.1,-1.0,17.0,5.0,16.0,5.0
2026-05-12T17:15:08.255,idle,10.0,3100,4005.07,1640.07,80.0,3158.0,77.1,-1.0,15.8,5.0,15.0,4.0
2026-05-12T17:15:09.259,idle,7.8,3100,4005.27,1640.19,80.0,3158.0,77.1,-1.0,13.1,3.0,12.0,3.0
2026-05-12T17:15:10.260,idle,6.3,3100,4005.28,1640.29,80.0,3158.0,77.1,-1.0,10.2,3.0,9.1,3.0
2026-05-12T17:15:11.263,idle,7.2,3100,4005.38,1639.04,80.0,3158.0,77.1,-1.0,12.0,4.0,11.0,2.0
2026-05-12T17:15:12.266,idle,10.5,3100,4004.99,1640.12,80.0,3158.0,77.1,-1.0,17.0,4.0,16.2,5.0
2026-05-12T17:15:13.270,idle,8.8,3100,3998.45,1646.13,79.9,3158.0,77.1,-1.0,13.1,5.0,15.0,2.0
2026-05-12T17:15:14.273,idle,7.2,3100,3999.06,1645.81,79.9,3158.0,77.1,-1.0,12.0,3.0,10.0,4.0
2026-05-12T17:15:15.277,idle,8.8,3100,3999.11,1645.89,79.9,3158.0,77.1,-1.0,15.0,4.0,13.0,3.0
2026-05-12T17:15:16.281,idle,12.9,3100,4009.14,1635.87,80.0,3158.0,77.1,-1.0,23.2,6.1,17.3,5.0
2026-05-12T17:15:17.282,idle,9.5,3100,4040.31,1604.82,80.4,3158.0,77.1,-1.0,15.0,5.0,13.0,5.0
2026-05-12T17:15:18.286,idle,9.0,3100,4042.23,1603.46,80.4,3158.0,77.1,-1.0,15.0,4.0,13.9,3.0
2026-05-12T17:15:19.287,idle,10.6,3100,4047.06,1605.85,80.4,3158.0,77.1,-1.0,19.0,3.0,16.3,4.0
2026-05-12T17:15:20.289,idle,18.8,3100,4049.86,1602.52,80.4,3158.0,77.1,-1.0,43.9,5.0,23.0,4.0
2026-05-12T17:15:21.290,idle,41.6,3100,4030.17,1601.44,80.5,3158.0,77.1,-1.0,62.4,27.0,53.0,24.0
2026-05-12T17:15:22.292,idle,46.8,3100,4029.88,1602.41,80.4,3158.0,77.1,-1.0,71.7,22.2,68.4,25.3
2026-05-12T17:15:23.296,idle,62.1,3100,4021.06,1597.35,80.5,3158.0,77.1,-1.0,81.0,42.0,82.2,43.0
2026-05-12T17:15:24.299,idle,48.0,3100,4022.08,1596.62,80.5,3158.0,77.1,-1.0,76.0,21.0,77.0,18.0
2026-05-12T17:15:25.304,idle,47.3,3100,4007.58,1594.87,80.5,3158.0,77.1,-1.0,73.3,22.0,76.0,17.8
2026-05-12T17:15:26.306,idle,48.5,3100,3991.91,1608.84,80.4,3158.0,77.1,-1.0,72.7,24.0,83.0,14.1
2026-05-12T17:15:27.309,idle,62.6,3100,3999.51,1601.92,80.4,3158.0,77.1,-1.0,76.2,49.0,82.0,43.0
2026-05-12T17:15:28.309,idle,60.8,3100,3992.47,1608.92,80.4,3158.0,77.1,-1.0,71.7,47.0,83.0,41.6
2026-05-12T17:15:29.310,idle,83.2,3100,4002.37,1601.15,80.5,3158.0,77.1,-1.0,90.0,76.0,92.0,75.0
2026-05-12T17:15:30.311,idle,85.8,3100,4003.15,1597.74,80.5,3158.0,77.1,-1.0,99.0,70.0,99.0,74.7
2026-05-12T17:15:31.311,idle,87.2,3100,3997.61,1594.52,80.5,3158.0,77.1,-1.0,100.0,72.7,99.0,77.0
2026-05-12T17:15:32.311,idle,82.4,3100,3998.6,1594.45,80.5,3158.0,77.1,-1.0,99.0,70.3,96.0,64.3
2026-05-12T17:15:33.313,idle,72.6,3100,4023.39,1813.21,77.9,3158.0,77.1,-1.0,97.0,48.5,96.0,48.5
2026-05-12T17:15:34.315,idle,66.8,3100,4117.52,1752.74,78.6,3158.0,77.1,-1.0,75.2,55.6,80.8,55.6
2026-05-12T17:15:35.316,idle,73.7,3100,4123.8,1748.88,78.7,3158.0,77.1,-1.0,84.8,62.0,86.0,62.0
2026-05-12T17:15:36.316,idle,74.5,3100,4126.18,1746.81,78.7,3158.0,77.1,-1.0,83.8,66.0,85.1,63.0
2026-05-12T17:15:37.316,idle,81.7,3100,4127.16,1739.12,78.8,3126.0,76.3,-1.0,89.0,73.0,90.0,75.0
2026-05-12T17:15:38.317,idle,89.7,3100,4101.7,1723.38,79.0,3126.0,76.3,-1.0,93.1,86.9,93.9,85.0
2026-05-12T17:15:39.318,idle,97.3,3100,4028.97,1740.31,78.8,3126.0,76.3,-1.0,99.0,96.0,98.0,96.0
2026-05-12T17:15:40.320,idle,84.8,3100,3973.48,1767.85,78.4,3126.0,76.3,-1.0,89.0,80.0,92.1,78.0
2026-05-12T17:15:41.321,idle,95.0,3100,4061.55,1642.87,79.9,3126.0,76.3,-1.0,96.0,93.0,97.0,94.0
2026-05-12T17:15:42.322,idle,82.2,3100,4061.39,1634.42,80.0,3126.0,76.3,-1.0,89.9,75.0,91.0,73.0
2026-05-12T17:15:43.322,idle,94.3,3100,4060.8,1627.92,80.1,3126.0,76.3,-1.0,96.0,92.0,96.0,92.9
2026-05-12T17:15:44.324,idle,97.0,3100,4052.66,1623.79,80.2,3126.0,76.3,-1.0,98.0,96.0,98.0,96.0
2026-05-12T17:15:45.326,idle,96.0,3100,4072.67,1602.98,80.4,3094.0,75.5,-1.0,96.0,96.0,97.0,95.0
2026-05-12T17:15:46.327,idle,98.0,3100,4075.91,1601.52,80.5,3094.0,75.5,-1.0,99.0,97.0,99.0,97.0
2026-05-12T17:15:47.327,idle,95.5,3100,4071.71,1606.14,80.4,3094.0,75.5,-1.0,97.0,94.0,97.0,94.0
2026-05-12T17:15:48.327,idle,91.7,3100,4070.76,1606.57,80.4,3094.0,75.5,-1.0,95.0,88.0,94.9,89.0
2026-05-12T17:15:49.331,idle,89.6,3100,4073.52,1603.94,80.4,3094.0,75.5,-1.0,95.0,86.1,90.2,86.9
2026-05-12T17:15:50.331,idle,88.4,3100,4052.75,1624.97,80.2,3094.0,75.5,-1.0,88.9,84.8,94.0,86.0
2026-05-12T17:15:51.332,idle,86.5,3100,4052.42,1623.78,80.2,3094.0,75.5,-1.0,90.0,82.2,91.9,82.2
2026-05-12T17:15:52.336,idle,83.8,3100,4042.63,1625.52,80.2,3094.0,75.5,-1.0,87.1,79.0,91.0,78.0
2026-05-12T17:15:53.341,idle,77.8,3100,4049.08,1619.31,80.2,3094.0,75.5,-1.0,84.0,73.0,83.2,71.0
2026-05-12T17:15:54.342,idle,78.8,3100,4046.33,1622.3,80.2,3094.0,75.5,-1.0,82.0,73.0,86.0,74.0
2026-05-12T17:15:55.343,idle,72.4,3100,4043.19,1620.08,80.2,3094.0,75.5,-1.0,76.8,70.0,73.7,69.0
2026-05-12T17:15:56.346,idle,52.6,3100,4037.41,1612.1,80.3,3094.0,75.5,-1.0,65.0,40.8,63.0,41.4
2026-05-12T17:15:57.351,idle,46.1,3100,4027.88,1597.23,80.5,3094.0,75.5,-1.0,67.0,27.0,66.7,24.0
2026-05-12T17:15:58.352,idle,43.0,3100,4014.05,1580.71,80.7,3094.0,75.5,-1.0,67.7,20.0,67.0,17.2
2026-05-12T17:15:59.356,idle,40.9,3100,4006.89,1575.87,80.8,3094.0,75.5,-1.0,66.0,13.1,69.7,14.9
2026-05-12T17:16:00.357,idle,41.0,3100,4003.22,1572.25,80.8,3094.0,75.5,-1.0,67.7,13.9,67.0,16.0
2026-05-12T17:16:01.360,idle,34.3,3100,4000.92,1566.29,80.9,3094.0,75.5,-1.0,57.0,10.1,56.6,13.3
2026-05-12T17:16:02.360,idle,23.0,3100,3998.76,1569.5,80.8,3094.0,75.5,-1.0,46.9,9.0,30.6,6.1
2026-05-12T17:16:03.360,idle,20.3,3100,3991.57,1567.28,80.9,3094.0,75.5,-1.0,43.9,7.0,24.0,6.9
2026-05-12T17:16:04.360,idle,21.3,3100,3982.34,1574.02,80.8,3094.0,75.5,-1.0,48.5,6.1,24.2,6.1
2026-05-12T17:16:05.361,idle,16.6,3100,3980.81,1570.0,80.8,3094.0,75.5,-1.0,41.4,5.0,15.3,5.0
2026-05-12T17:16:06.361,idle,19.0,3100,3980.59,1570.55,80.8,3094.0,75.5,-1.0,44.9,6.0,20.4,5.1
2026-05-12T17:16:07.362,idle,20.6,3100,3976.72,1574.37,80.8,3094.0,75.5,-1.0,45.9,7.1,22.0,7.9
2026-05-12T17:16:08.367,idle,10.8,3100,3975.52,1575.67,80.8,3094.0,75.5,-1.0,20.0,5.0,14.1,4.0
2026-05-12T17:16:09.367,idle,8.8,3100,3975.61,1576.37,80.8,3094.0,75.5,-1.0,13.0,4.0,15.0,3.0
2026-05-12T17:16:10.369,idle,8.5,3100,3977.68,1574.59,80.8,3094.0,75.5,-1.0,15.2,4.0,12.1,3.0
2026-05-12T17:16:11.373,idle,9.3,3100,3985.17,1567.57,80.9,3094.0,75.5,-1.0,17.0,3.0,14.1,3.0
2026-05-12T17:16:12.374,idle,7.8,3100,3993.91,1558.59,81.0,3094.0,75.5,-1.0,14.1,4.0,12.0,1.0
2026-05-12T17:16:13.378,idle,36.5,3100,3992.44,1566.57,80.9,3094.0,75.5,-1.0,52.5,24.0,47.0,22.8
2026-05-12T17:16:14.379,idle,28.4,3100,4012.37,1547.87,81.1,3094.0,75.5,-1.0,49.5,14.1,35.7,14.1
2026-05-12T17:16:15.383,idle,30.3,3100,4016.53,1545.26,81.1,3094.0,75.5,-1.0,46.0,18.0,44.0,13.1
2026-05-12T17:16:16.383,idle,27.2,3100,4008.54,1554.76,81.0,3094.0,75.5,-1.0,50.0,12.1,33.7,13.0
2026-05-12T17:16:17.384,idle,21.1,3100,4008.9,1554.38,81.0,3094.0,75.5,-1.0,44.9,10.0,23.0,7.0
2026-05-12T17:16:18.387,idle,22.6,3100,4010.0,1554.22,81.0,3094.0,75.5,-1.0,42.4,11.0,29.3,8.0
2026-05-12T17:16:19.391,idle,22.5,3100,4008.39,1556.05,81.0,3094.0,75.5,-1.0,41.6,10.1,31.0,7.0
2026-05-12T17:16:20.395,idle,19.8,3100,4017.85,1546.83,81.1,3094.0,75.5,-1.0,38.8,11.9,23.2,6.0
2026-05-12T17:16:21.400,idle,24.6,3100,4016.46,1548.82,81.1,3094.0,75.5,-1.0,45.0,12.0,32.0,9.1
2026-05-12T17:16:22.405,idle,20.9,3100,4014.49,1551.11,81.1,3094.0,75.5,-1.0,38.6,11.0,28.0,5.9
2026-05-12T17:16:23.410,idle,20.6,3100,3994.31,1571.45,80.8,3094.0,75.5,-1.0,35.0,11.0,31.3,5.0
2026-05-12T17:16:24.414,idle,21.6,3100,3995.05,1570.99,80.8,3094.0,75.5,-1.0,37.8,12.1,28.0,8.9
2026-05-12T17:16:25.417,idle,17.3,3100,3996.07,1569.57,80.8,3094.0,75.5,-1.0,37.0,6.0,23.0,3.1
2026-05-12T17:16:26.418,idle,19.5,3100,3986.58,1579.55,80.7,3094.0,75.5,-1.0,38.0,8.0,24.2,8.0
2026-05-12T17:16:27.418,idle,16.2,3100,4001.9,1564.04,80.9,3094.0,75.5,-1.0,39.2,5.0,16.3,5.0
2026-05-12T17:16:28.422,idle,19.2,3100,3996.74,1569.41,80.8,3094.0,75.5,-1.0,43.0,8.1,22.0,4.0
2026-05-12T17:16:29.425,idle,30.3,3100,4006.48,1557.36,81.0,3094.0,75.5,-1.0,44.4,21.8,38.0,17.2
2026-05-12T17:16:30.429,idle,21.6,3100,4003.14,1560.63,80.9,3094.0,75.5,-1.0,41.0,10.1,28.0,7.9
2026-05-12T17:16:31.433,idle,26.7,3100,4012.95,1565.72,80.9,3094.0,75.5,-1.0,54.5,8.0,40.4,3.0
2026-05-12T17:16:32.433,idle,17.3,3100,4011.71,1566.02,80.9,3094.0,75.5,-1.0,35.4,9.0,20.0,5.0
2026-05-12T17:16:33.434,idle,18.8,3100,4009.3,1569.09,80.8,3094.0,75.5,-1.0,37.4,9.0,23.2,6.0
2026-05-12T17:16:34.434,idle,20.6,3100,4010.98,1567.12,80.9,3094.0,75.5,-1.0,33.3,11.0,31.3,7.0
2026-05-12T17:16:35.435,idle,26.1,3100,4012.92,1565.71,80.9,3094.0,75.5,-1.0,37.4,15.2,41.8,10.1
2026-05-12T17:16:36.435,idle,22.6,3100,3989.24,1589.11,80.6,3094.0,75.5,-1.0,35.0,11.1,36.0,8.0
2026-05-12T17:16:37.440,idle,25.2,3100,3987.86,1591.31,80.6,3094.0,75.5,-1.0,35.4,15.0,40.0,10.1
2026-05-12T17:16:38.442,idle,20.6,3100,3988.88,1589.76,80.6,3094.0,75.5,-1.0,28.3,10.1,38.4,6.0
2026-05-12T17:16:39.445,idle,21.1,3100,4008.82,1570.44,80.8,3094.0,75.5,-1.0,31.3,9.0,38.4,6.0
2026-05-12T17:16:40.449,idle,19.1,3100,4010.28,1569.09,80.8,3094.0,75.5,-1.0,35.0,8.1,27.3,6.0
2026-05-12T17:16:41.451,idle,27.2,3100,4012.61,1566.27,80.9,3094.0,75.5,-1.0,40.4,15.0,40.6,13.0
2026-05-12T17:16:42.452,idle,30.9,3100,4010.93,1568.52,80.9,3094.0,75.5,-1.0,43.0,20.0,41.4,19.2
2026-05-12T17:16:43.453,idle,22.1,3100,4007.86,1571.63,80.8,3094.0,75.5,-1.0,35.4,13.1,32.0,8.0
2026-05-12T17:16:44.458,idle,22.3,3100,4007.51,1571.7,80.8,3094.0,75.5,-1.0,36.0,10.0,34.7,8.9
2026-05-12T17:16:45.460,idle,25.1,3100,3996.79,1582.61,80.7,3094.0,75.5,-1.0,39.4,14.0,37.0,10.1
2026-05-12T17:16:46.461,idle,27.9,3100,3987.46,1591.57,80.6,3094.0,75.5,-1.0,42.0,14.1,42.0,13.1
2026-05-12T17:16:47.461,idle,19.9,3100,3988.62,1591.29,80.6,3094.0,75.5,-1.0,33.7,9.1,29.3,8.0
2026-05-12T17:16:48.461,idle,19.4,3100,3987.84,1592.19,80.6,3094.0,75.5,-1.0,34.0,8.1,29.3,6.1
2026-05-12T17:16:49.462,idle,21.1,3100,4006.95,1572.16,80.8,3094.0,75.5,-1.0,34.7,11.0,31.3,7.9
2026-05-12T17:16:50.462,idle,20.1,3100,4007.94,1572.03,80.8,3094.0,75.5,-1.0,33.0,11.0,30.3,6.1
2026-05-12T17:16:51.463,idle,23.1,3100,3999.37,1580.23,80.7,3094.0,75.5,-1.0,36.4,12.0,36.0,8.0
2026-05-12T17:16:52.467,idle,18.8,3100,4000.57,1579.59,80.7,3094.0,75.5,-1.0,30.0,10.0,31.3,4.0
2026-05-12T17:16:53.469,idle,24.2,3100,4002.17,1578.21,80.7,3094.0,75.5,-1.0,36.4,14.3,35.0,11.0
2026-05-12T17:16:54.472,idle,21.5,3100,4002.25,1578.49,80.7,3094.0,75.5,-1.0,34.0,10.9,33.3,8.0
2026-05-12T17:16:55.474,idle,18.0,3100,4002.64,1578.08,80.7,3094.0,75.5,-1.0,32.0,8.1,26.3,5.9
2026-05-12T17:16:56.474,idle,20.9,3100,4003.1,1577.71,80.7,3094.0,75.5,-1.0,34.3,10.1,33.0,6.1
2026-05-12T17:16:57.475,idle,20.1,3100,4003.13,1577.3,80.7,3094.0,75.5,-1.0,32.3,10.0,32.0,6.0
2026-05-12T17:16:58.479,idle,17.6,3100,3993.16,1587.69,80.6,3094.0,75.5,-1.0,30.0,9.0,27.6,4.0
2026-05-12T17:16:59.484,idle,21.1,3100,3990.53,1590.33,80.6,3094.0,75.5,-1.0,31.0,12.1,31.0,10.0
2026-05-12T17:17:00.486,idle,20.3,3100,4011.41,1569.02,80.8,3094.0,75.5,-1.0,34.3,10.0,31.0,5.9
2026-05-12T17:17:01.486,idle,20.3,3100,4011.55,1569.42,80.8,3094.0,75.5,-1.0,33.0,9.9,32.3,6.1
2026-05-12T17:17:02.491,idle,18.8,3100,4007.71,1573.1,80.8,3094.0,75.5,-1.0,32.3,9.1,28.0,6.0
2026-05-12T17:17:03.493,idle,7.5,3100,4008.07,1573.32,80.8,3094.0,75.5,-1.0,14.0,3.0,10.1,3.0
2026-05-12T17:17:04.496,idle,29.7,3100,4017.0,1563.42,80.9,3094.0,75.5,-1.0,34.0,26.0,33.0,26.0
2026-05-12T17:17:05.499,idle,5.0,3100,4015.93,1564.82,80.9,3094.0,75.5,-1.0,8.2,2.0,8.0,2.0
2026-05-12T17:17:06.502,idle,9.3,3100,3994.29,1586.95,80.6,3094.0,75.5,-1.0,17.0,4.0,14.1,2.0
2026-05-12T17:17:07.502,idle,7.8,3100,3987.16,1594.0,80.5,3094.0,75.5,-1.0,13.0,3.0,12.0,3.0
2026-05-12T17:17:08.502,idle,7.0,3100,3991.49,1590.56,80.6,3094.0,75.5,-1.0,11.1,2.0,12.1,3.0
2026-05-12T17:17:09.502,idle,10.9,3100,3993.26,1590.02,80.6,3094.0,75.5,-1.0,23.2,4.0,13.1,3.1
2026-05-12T17:17:10.504,idle,24.5,3100,4000.23,1615.61,80.3,3094.0,75.5,-1.0,37.0,11.0,40.0,10.0
2026-05-12T17:17:11.508,idle,8.0,3100,4024.19,1590.98,80.6,3094.0,75.5,-1.0,15.2,3.0,11.1,3.0
2026-05-12T17:17:12.512,idle,7.0,3100,4024.71,1590.43,80.6,3094.0,75.5,-1.0,15.0,2.0,8.9,2.0
2026-05-12T17:17:13.513,idle,11.4,3100,4027.66,1593.75,80.5,3094.0,75.5,-1.0,20.2,3.1,19.2,3.0
2026-05-12T17:17:14.518,idle,8.7,3100,4030.49,1591.41,80.6,3094.0,75.5,-1.0,13.9,5.0,12.1,4.0
2026-05-12T17:17:15.519,idle,9.8,3100,4031.02,1591.68,80.6,3094.0,75.5,-1.0,15.2,4.0,16.0,4.0
2026-05-12T17:17:16.523,idle,16.0,3100,4024.16,1601.03,80.5,3094.0,75.5,-1.0,28.3,5.9,23.0,7.0
2026-05-12T17:17:17.525,idle,7.3,3100,4026.09,1599.02,80.5,3094.0,75.5,-1.0,13.0,3.1,10.1,3.0
2026-05-12T17:17:18.525,idle,9.0,3100,4019.34,1606.08,80.4,3094.0,75.5,-1.0,14.1,4.0,14.1,4.0
2026-05-12T17:17:19.526,idle,10.8,3100,4015.39,1609.71,80.4,3094.0,75.5,-1.0,17.2,5.1,17.0,4.0
2026-05-12T17:17:20.530,idle,6.0,3100,4015.47,1609.45,80.4,3094.0,75.5,-1.0,10.0,2.0,9.0,3.0
2026-05-12T17:17:21.530,idle,10.1,3100,4014.36,1612.82,80.3,3094.0,75.5,-1.0,18.2,5.0,13.3,4.0
2026-05-12T17:17:22.531,idle,5.7,3100,4014.3,1612.09,80.3,3094.0,75.5,-1.0,10.0,2.0,8.9,2.0
2026-05-12T17:17:23.534,idle,6.6,3100,4012.89,1614.27,80.3,3094.0,75.5,-1.0,12.1,2.0,10.2,2.0
2026-05-12T17:17:24.539,idle,7.2,3100,4009.52,1617.23,80.3,3094.0,75.5,-1.0,12.9,4.0,10.0,2.0
2026-05-12T17:17:25.543,idle,7.0,3100,4005.48,1621.75,80.2,3094.0,75.5,-1.0,13.1,2.0,10.9,2.0
2026-05-12T17:17:26.543,idle,9.1,3100,4004.88,1622.41,80.2,3094.0,75.5,-1.0,14.1,5.0,14.3,3.0
2026-05-12T17:17:27.548,idle,7.0,3100,4004.08,1622.81,80.2,3094.0,75.5,-1.0,13.0,2.0,11.0,2.0
2026-05-12T17:17:28.552,idle,7.8,3100,4002.5,1624.78,80.2,3094.0,75.5,-1.0,14.0,3.0,12.0,2.0
2026-05-12T17:17:29.553,idle,7.0,3100,4002.92,1624.04,80.2,3094.0,75.5,-1.0,12.0,3.0,10.1,3.0
2026-05-12T17:17:30.553,idle,7.1,3100,4002.91,1623.62,80.2,3094.0,75.5,-1.0,12.2,2.0,11.1,3.0
2026-05-12T17:17:31.554,idle,8.7,3100,4028.65,1598.28,80.5,3094.0,75.5,-1.0,14.9,4.0,14.0,2.0
2026-05-12T17:17:32.559,idle,5.8,3100,4028.81,1597.5,80.5,3094.0,75.5,-1.0,9.2,2.0,9.9,2.0
2026-05-12T17:17:33.562,idle,6.5,3100,4028.77,1598.14,80.5,3094.0,75.5,-1.0,12.9,3.0,8.2,2.0
2026-05-12T17:17:34.563,idle,6.3,3100,4028.94,1597.34,80.5,3094.0,75.5,-1.0,10.1,3.0,10.0,2.0
2026-05-12T17:17:35.564,idle,7.3,3100,4024.88,1601.98,80.4,3094.0,75.5,-1.0,13.1,2.0,11.0,3.0
2026-05-12T17:17:36.569,idle,10.2,3100,4023.46,1602.68,80.4,3094.0,75.5,-1.0,16.8,4.0,17.2,3.0
2026-05-12T17:17:37.569,idle,9.6,3100,4022.71,1604.07,80.4,3094.0,75.5,-1.0,17.2,4.0,13.1,4.0
2026-05-12T17:17:38.569,idle,12.8,3100,4015.47,1612.26,80.3,3094.0,75.5,-1.0,18.2,7.0,18.2,8.0
2026-05-12T17:17:39.574,idle,10.0,3100,4010.42,1618.13,80.2,3094.0,75.5,-1.0,17.0,4.0,15.0,4.0
2026-05-12T17:17:40.576,idle,8.0,3100,4010.71,1617.59,80.3,3094.0,75.5,-1.0,14.1,4.0,12.0,2.0
2026-05-12T17:17:41.577,idle,10.0,3100,4045.18,1583.12,80.7,3094.0,75.5,-1.0,17.0,4.0,14.0,5.0
2026-05-12T17:17:42.580,idle,7.5,3100,4016.78,1612.35,80.3,3094.0,75.5,-1.0,15.0,3.0,10.1,2.0
2026-05-12T17:17:43.584,idle,6.8,3100,4014.86,1614.0,80.3,3094.0,75.5,-1.0,12.1,2.0,11.0,2.0
2026-05-12T17:17:44.584,idle,7.5,3100,4015.88,1613.07,80.3,3094.0,75.5,-1.0,11.1,4.0,12.1,3.0
2026-05-12T17:17:45.585,idle,7.8,3100,4021.57,1608.01,80.4,3094.0,75.5,-1.0,15.0,2.0,11.0,3.0
2026-05-12T17:17:46.590,idle,12.3,3100,4001.46,1628.32,80.1,3094.0,75.5,-1.0,24.0,4.0,17.2,4.0
2026-05-12T17:17:47.602,idle,17.1,3100,4020.8,1611.73,80.3,3094.0,75.5,-1.0,26.7,10.8,22.8,8.0
2026-05-12T17:17:48.605,idle,29.9,3100,4028.02,1607.93,80.4,3094.0,75.5,-1.0,44.4,17.2,41.0,17.0
2026-05-12T17:17:49.609,idle,19.2,3100,4037.8,1610.86,80.3,3094.0,75.5,-1.0,35.4,7.1,28.3,6.1
2026-05-12T17:17:50.613,idle,12.3,3100,4034.17,1613.86,80.3,3094.0,75.5,-1.0,19.0,6.0,18.2,6.0
2026-05-12T17:17:51.618,idle,15.0,3100,4049.37,1598.7,80.5,3094.0,75.5,-1.0,24.2,7.0,22.8,5.9
2026-05-12T17:17:52.618,idle,13.1,3100,4049.73,1599.08,80.5,3094.0,75.5,-1.0,22.0,6.9,18.4,5.1
2026-05-12T17:17:53.620,idle,9.5,3100,4041.77,1606.92,80.4,3094.0,75.5,-1.0,17.2,4.0,14.0,3.0
2026-05-12T17:17:54.621,idle,22.7,3100,4010.2,1638.99,80.0,3094.0,75.5,-1.0,39.0,13.1,27.3,11.1
2026-05-12T17:17:55.626,idle,45.7,3100,4010.72,1638.35,80.0,3094.0,75.5,-1.0,63.6,31.3,59.6,28.3
2026-05-12T17:17:56.630,idle,41.7,3100,3993.84,1655.19,79.8,3094.0,75.5,-1.0,55.1,30.6,55.6,25.5
2026-05-12T17:17:57.633,idle,30.9,3100,4037.57,1611.64,80.3,3094.0,75.5,-1.0,52.5,11.0,49.5,11.0
2026-05-12T17:17:58.636,idle,20.9,3100,4035.84,1614.21,80.3,3094.0,75.5,-1.0,36.6,8.2,29.3,9.1
2026-05-12T17:17:59.641,idle,17.4,3100,4036.25,1613.95,80.3,3094.0,75.5,-1.0,31.0,8.8,23.8,6.0
2026-05-12T17:18:00.644,idle,8.8,3100,4034.91,1615.08,80.3,3094.0,75.5,-1.0,15.2,4.0,13.1,3.0
2026-05-12T17:18:01.644,idle,11.6,3100,4035.12,1615.07,80.3,3094.0,75.5,-1.0,18.2,4.0,19.0,5.0
2026-05-12T17:18:02.645,idle,8.1,3100,4034.24,1615.84,80.3,3094.0,75.5,-1.0,14.1,4.0,11.2,3.0
2026-05-12T17:18:03.646,idle,15.0,3100,4034.74,1616.86,80.3,3094.0,75.5,-1.0,26.3,6.0,23.0,5.0
2026-05-12T17:18:04.651,idle,14.5,3100,4035.13,1616.49,80.3,3094.0,75.5,-1.0,25.0,5.1,21.0,7.0
2026-05-12T17:18:05.652,idle,12.8,3100,4035.47,1616.05,80.3,3094.0,75.5,-1.0,25.0,5.0,17.2,4.0
2026-05-12T17:18:06.657,idle,17.0,3100,4015.06,1637.15,80.0,3094.0,75.5,-1.0,29.3,9.0,22.2,7.9
2026-05-12T17:18:07.660,idle,8.0,3100,4014.48,1638.32,80.0,3094.0,75.5,-1.0,13.1,4.0,13.0,2.0
2026-05-12T17:18:08.664,idle,7.5,3100,4033.71,1619.15,80.2,3094.0,75.5,-1.0,15.0,2.0,11.1,2.0
2026-05-12T17:18:09.667,idle,7.8,3100,4034.04,1618.68,80.2,3094.0,75.5,-1.0,14.1,2.0,11.0,4.0
2026-05-12T17:18:10.670,idle,7.2,3100,4035.31,1617.53,80.3,3094.0,75.5,-1.0,12.9,4.0,9.1,3.0
2026-05-12T17:18:11.672,idle,7.8,3100,4044.78,1607.34,80.4,3094.0,75.5,-1.0,13.1,2.0,14.0,2.0
2026-05-12T17:18:12.674,idle,15.8,3100,4044.94,1608.29,80.4,3094.0,75.5,-1.0,34.3,4.0,21.0,4.0
2026-05-12T17:18:13.677,idle,12.6,3100,4044.8,1608.18,80.4,3094.0,75.5,-1.0,25.3,2.0,21.0,2.0
2026-05-12T17:18:14.682,idle,58.9,3100,4041.15,1613.78,80.3,3094.0,75.5,-1.0,70.6,49.0,72.7,43.6
2026-05-12T17:18:15.685,idle,59.4,3100,4034.44,1620.29,80.2,3094.0,75.5,-1.0,71.7,42.4,74.3,49.0
2026-05-12T17:18:16.687,idle,16.4,3100,4015.22,1640.22,80.0,3094.0,75.5,-1.0,28.0,8.1,22.2,7.1
2026-05-12T17:18:17.688,idle,16.4,3100,4014.64,1640.51,80.0,3094.0,75.5,-1.0,30.3,5.1,25.5,5.0
2026-05-12T17:18:18.692,idle,10.0,3100,4019.34,1635.87,80.0,3094.0,75.5,-1.0,20.0,4.0,14.0,3.0
2026-05-12T17:18:19.697,idle,7.7,3100,4019.32,1635.65,80.0,3094.0,75.5,-1.0,16.0,2.0,9.0,3.0
2026-05-12T17:18:20.701,idle,8.5,3100,4019.29,1635.46,80.0,3094.0,75.5,-1.0,17.2,4.0,11.0,2.0
2026-05-12T17:18:21.703,idle,11.5,3100,4019.18,1636.07,80.0,3094.0,75.5,-1.0,23.2,3.0,16.0,4.0
2026-05-12T17:18:22.704,idle,8.6,3100,4019.11,1636.43,80.0,3094.0,75.5,-1.0,19.0,3.0,10.2,2.0
2026-05-12T17:18:23.704,idle,19.0,3100,4019.46,1636.06,80.0,3094.0,75.5,-1.0,30.3,10.0,28.0,8.0
2026-05-12T17:18:24.705,idle,6.8,3100,4019.59,1636.09,80.0,3094.0,75.5,-1.0,12.1,2.0,11.0,2.0
2026-05-12T17:18:25.710,idle,5.3,3100,4019.63,1635.81,80.0,3094.0,75.5,-1.0,10.0,2.0,7.1,2.0
2026-05-12T17:18:26.710,idle,20.5,3100,4009.31,1646.52,79.9,3094.0,75.5,-1.0,34.3,9.1,31.3,7.1
2026-05-12T17:18:27.715,idle,7.8,3100,4009.29,1646.13,79.9,3094.0,75.5,-1.0,13.0,3.0,12.0,3.0
2026-05-12T17:18:28.719,idle,22.6,3100,4016.71,1640.86,80.0,3094.0,75.5,-1.0,37.0,12.1,31.3,10.0
2026-05-12T17:18:29.720,idle,25.0,3100,4017.27,1640.2,80.0,3094.0,75.5,-1.0,43.4,11.0,36.4,9.1
2026-05-12T17:18:30.721,idle,6.8,3100,4016.45,1641.11,80.0,3094.0,75.5,-1.0,13.0,2.0,10.0,2.0
2026-05-12T17:18:31.725,idle,25.6,3100,4056.98,1602.43,80.4,3094.0,75.5,-1.0,37.4,15.0,36.0,14.0
2026-05-12T17:18:32.729,idle,25.9,3100,4056.09,1603.16,80.4,3094.0,75.5,-1.0,46.0,8.1,42.0,7.1
2026-05-12T17:18:33.730,idle,30.2,3100,4064.51,1594.46,80.5,3094.0,75.5,-1.0,52.5,9.1,50.5,9.0
2026-05-12T17:18:34.735,idle,15.9,3100,4068.38,1591.39,80.6,3094.0,75.5,-1.0,29.0,5.1,24.2,5.1
2026-05-12T17:18:35.736,idle,26.9,3100,4076.54,1583.61,80.7,3094.0,75.5,-1.0,48.5,7.0,43.4,9.0
2026-05-12T17:18:36.739,idle,21.6,3100,4063.22,1597.71,80.5,3094.0,75.5,-1.0,40.4,9.0,29.0,8.1
2026-05-12T17:18:37.741,idle,17.2,3100,4063.14,1597.88,80.5,3094.0,75.5,-1.0,30.7,6.0,25.0,6.9
2026-05-12T17:18:38.746,idle,9.8,3100,4061.46,1599.12,80.5,3094.0,75.5,-1.0,18.2,4.0,15.0,2.0
2026-05-12T17:18:39.747,idle,21.4,3100,4055.01,1608.7,80.4,3094.0,75.5,-1.0,33.3,12.1,27.3,12.9
2026-05-12T17:18:40.752,idle,10.3,3100,4055.85,1607.8,80.4,3094.0,75.5,-1.0,17.8,5.0,14.1,4.0
2026-05-12T17:18:41.754,idle,9.8,3100,4054.45,1609.43,80.4,3094.0,75.5,-1.0,16.3,4.0,16.2,3.0
2026-05-12T17:18:42.758,idle,14.7,3100,4065.44,1598.9,80.5,3094.0,75.5,-1.0,22.8,6.9,23.2,6.0
2026-05-12T17:18:43.761,idle,26.9,3100,4063.58,1600.61,80.5,3094.0,75.5,-1.0,43.4,11.1,41.6,11.1
2026-05-12T17:18:44.765,idle,18.4,3100,4065.12,1599.39,80.5,3094.0,75.5,-1.0,30.3,8.1,25.5,10.0
2026-05-12T17:18:45.770,idle,18.9,3100,4065.65,1599.1,80.5,3094.0,75.5,-1.0,35.0,5.0,31.7,4.0
2026-05-12T17:18:46.771,idle,19.6,3100,4068.02,1596.98,80.5,3094.0,75.5,-1.0,32.0,9.1,30.3,7.1
2026-05-12T17:18:47.775,idle,10.3,3100,4067.42,1597.61,80.5,3094.0,75.5,-1.0,17.2,5.0,14.1,5.0
2026-05-12T17:18:48.778,idle,7.8,3100,4058.18,1607.11,80.4,3094.0,75.5,-1.0,15.0,3.0,11.1,2.0
2026-05-12T17:18:49.782,idle,19.9,3100,4057.82,1607.27,80.4,3094.0,75.5,-1.0,32.3,9.1,29.0,9.1
2026-05-12T17:18:50.787,idle,19.8,3100,4058.51,1606.35,80.4,3094.0,75.5,-1.0,32.3,10.0,27.0,10.0
2026-05-12T17:18:51.788,idle,11.5,3100,4068.44,1596.19,80.5,3094.0,75.5,-1.0,20.0,4.0,18.2,4.0
2026-05-12T17:18:52.792,idle,15.3,3100,4038.18,1626.52,80.1,3094.0,75.5,-1.0,25.3,7.0,22.2,6.9
2026-05-12T17:18:53.795,idle,18.1,3100,4038.58,1626.34,80.1,3094.0,75.5,-1.0,30.3,8.0,27.0,7.1
2026-05-12T17:18:54.796,idle,21.9,3100,4040.02,1625.18,80.2,3094.0,75.5,-1.0,34.3,10.1,32.3,11.0
2026-05-12T17:18:55.801,idle,27.2,3100,4044.04,1621.63,80.2,3094.0,75.5,-1.0,48.0,8.9,44.0,8.0
2026-05-12T17:18:56.804,idle,18.0,3100,4045.12,1620.41,80.2,3094.0,75.5,-1.0,31.7,7.1,26.0,7.1
2026-05-12T17:18:57.809,idle,15.1,3100,4030.4,1634.82,80.0,3094.0,75.5,-1.0,24.2,6.0,24.2,6.0
2026-05-12T17:18:58.814,idle,19.8,3100,4060.66,1605.28,80.4,3094.0,75.5,-1.0,30.3,11.0,28.0,9.9
2026-05-12T17:18:59.816,idle,20.4,3100,4059.09,1607.56,80.4,3094.0,75.5,-1.0,34.0,10.1,29.3,8.2
2026-05-12T17:19:00.816,idle,19.8,3100,4058.98,1607.62,80.4,3094.0,75.5,-1.0,28.3,11.0,28.3,11.9
2026-05-12T17:19:01.819,idle,27.4,3100,4062.5,1604.56,80.4,3094.0,75.5,-1.0,47.0,9.0,45.0,8.2
2026-05-12T17:19:02.825,idle,19.3,3100,4062.4,1604.77,80.4,3094.0,75.5,-1.0,31.0,8.1,29.3,8.9
2026-05-12T17:19:03.827,idle,16.6,3100,4060.41,1606.36,80.4,3094.0,75.5,-1.0,29.3,8.0,23.0,6.1
2026-05-12T17:19:04.828,idle,13.6,3100,4060.45,1606.97,80.4,3094.0,75.5,-1.0,23.0,6.1,19.2,6.0
2026-05-12T17:19:05.828,idle,22.9,3100,4060.47,1606.01,80.4,3094.0,75.5,-1.0,38.8,10.0,33.3,10.0
2026-05-12T17:19:06.833,idle,18.7,3100,4062.59,1605.11,80.4,3094.0,75.5,-1.0,32.7,9.0,25.3,8.0
2026-05-12T17:19:07.944,idle,29.3,3100,4059.67,1608.74,80.4,3094.0,75.5,-1.0,46.5,12.1,47.5,11.1
2026-05-12T17:19:08.946,idle,32.0,3100,4052.39,1619.52,80.2,3094.0,75.5,-1.0,47.5,19.2,43.0,18.2
2026-05-12T17:19:09.957,idle,83.2,3100,4062.62,1610.56,80.3,3094.0,75.5,-1.0,89.0,79.4,86.1,78.2
2026-05-12T17:19:10.962,idle,58.3,3100,4061.09,1610.57,80.3,3094.0,75.5,-1.0,69.3,44.4,73.0,46.0
2026-05-12T17:19:11.962,idle,49.9,3100,4062.28,1609.96,80.3,3094.0,75.5,-1.0,67.7,34.7,66.0,31.3
2026-05-12T17:19:12.963,idle,36.9,3100,4062.28,1609.85,80.3,3094.0,75.5,-1.0,63.0,18.2,50.5,16.0
2026-05-12T17:19:13.968,idle,39.6,3100,4074.11,1598.26,80.5,3094.0,75.5,-1.0,65.0,18.0,60.4,14.9
2026-05-12T17:19:14.968,idle,37.6,3100,4070.33,1598.93,80.5,3094.0,75.5,-1.0,60.0,12.0,62.0,16.2
2026-05-12T17:19:15.973,idle,37.6,3100,4070.0,1599.77,80.5,3094.0,75.5,-1.0,57.0,18.0,57.0,18.2
2026-05-12T17:19:16.977,idle,47.0,3100,4072.38,1596.78,80.5,3094.0,75.5,-1.0,66.3,28.0,67.0,26.7
2026-05-12T17:19:17.978,idle,38.2,3100,4073.87,1595.5,80.5,3094.0,75.5,-1.0,56.6,16.2,63.0,17.0
2026-05-12T17:19:18.978,idle,42.7,3100,4071.2,1598.08,80.5,3094.0,75.5,-1.0,65.0,19.2,65.7,21.0
2026-05-12T17:19:19.982,idle,37.2,3100,4067.76,1601.95,80.4,3094.0,75.5,-1.0,54.5,16.8,61.0,16.2
2026-05-12T17:19:21.123,idle,38.1,3100,4066.74,1602.89,80.4,3094.0,75.5,-1.0,62.5,15.0,62.6,12.3
2026-05-12T17:19:22.124,idle,42.6,3100,4067.01,1602.49,80.4,3094.0,75.5,-1.0,63.0,17.0,70.7,20.0
2026-05-12T17:19:23.128,idle,35.0,3100,4067.74,1601.81,80.4,3094.0,75.5,-1.0,53.5,16.0,56.4,13.9
2026-05-12T17:19:24.129,idle,39.3,3100,4067.57,1602.07,80.4,3094.0,75.5,-1.0,64.6,18.0,55.6,19.2
2026-05-12T17:19:25.134,idle,29.6,3100,4067.25,1602.25,80.4,3094.0,75.5,-1.0,48.5,8.0,56.4,5.0
2026-05-12T17:19:26.139,idle,31.3,3100,4064.39,1605.66,80.4,3094.0,75.5,-1.0,54.5,11.9,48.0,11.0
2026-05-12T17:19:27.141,idle,32.3,3100,4062.96,1606.47,80.4,3094.0,75.5,-1.0,53.5,9.1,55.6,10.9
2026-05-12T17:19:28.141,idle,30.0,3100,4063.73,1606.05,80.4,3094.0,75.5,-1.0,54.5,7.1,50.0,8.1
2026-05-12T17:19:29.144,idle,39.9,3100,4060.07,1610.07,80.3,3094.0,75.5,-1.0,55.0,24.8,59.0,21.0
2026-05-12T17:19:30.149,idle,42.4,3100,4061.99,1607.69,80.4,3094.0,75.5,-1.0,67.3,13.1,71.3,17.0
2026-05-12T17:19:31.150,idle,34.2,3100,4062.15,1607.45,80.4,3094.0,75.5,-1.0,54.0,14.0,56.6,12.1
2026-05-12T17:19:32.152,idle,39.3,3100,4062.11,1608.17,80.4,3094.0,75.5,-1.0,57.6,18.8,62.0,19.0
2026-05-12T17:19:33.156,idle,38.8,3100,4062.05,1608.04,80.4,3094.0,75.5,-1.0,63.4,16.0,60.0,15.8
2026-05-12T17:19:34.159,idle,39.7,3100,4066.84,1602.73,80.4,3094.0,75.5,-1.0,59.0,17.3,67.0,15.0
2026-05-12T17:19:35.162,idle,44.5,3100,4063.79,1606.16,80.4,3094.0,75.5,-1.0,65.7,20.0,74.0,18.2
2026-05-12T17:19:36.167,idle,37.6,3100,4064.74,1604.95,80.4,3094.0,75.5,-1.0,57.4,16.8,61.0,15.0
2026-05-12T17:19:37.167,idle,31.5,3100,4064.74,1604.99,80.4,3094.0,75.5,-1.0,53.5,10.0,54.0,8.9
2026-05-12T17:19:38.170,idle,30.7,3100,4065.32,1604.63,80.4,3094.0,75.5,-1.0,47.5,10.0,57.0,8.0
2026-05-12T17:19:39.174,idle,30.1,3100,4058.03,1612.28,80.3,3094.0,75.5,-1.0,49.0,11.1,53.0,7.0
2026-05-12T17:19:40.177,idle,33.2,3100,4051.65,1617.95,80.2,3094.0,75.5,-1.0,48.0,13.0,59.0,13.0
2026-05-12T17:19:41.178,idle,32.8,3100,4049.68,1619.65,80.2,3094.0,75.5,-1.0,54.0,16.0,49.0,12.1
2026-05-12T17:19:42.181,idle,20.7,3100,4049.81,1619.52,80.2,3094.0,75.5,-1.0,32.0,10.0,30.0,10.9
2026-05-12T17:19:43.181,idle,18.4,3100,4049.73,1620.21,80.2,3094.0,75.5,-1.0,30.6,8.0,28.3,7.1
2026-05-12T17:19:44.185,idle,20.2,3100,4049.13,1620.91,80.2,3094.0,75.5,-1.0,33.0,9.1,29.3,9.1
2026-05-12T17:19:45.189,idle,18.3,3100,4049.33,1620.54,80.2,3094.0,75.5,-1.0,32.0,7.1,27.3,7.0
2026-05-12T17:19:46.191,idle,12.0,3100,4049.52,1619.8,80.2,3094.0,75.5,-1.0,20.2,5.0,18.8,4.0
2026-05-12T17:19:47.196,idle,29.4,3100,4050.09,1619.95,80.2,3094.0,75.5,-1.0,50.0,11.9,45.5,10.9
2026-05-12T17:19:48.200,idle,18.2,3100,4050.11,1619.64,80.2,3094.0,75.5,-1.0,32.3,7.1,27.3,6.1
2026-05-12T17:19:49.200,idle,15.4,3100,4050.89,1618.73,80.2,3094.0,75.5,-1.0,26.5,5.1,24.0,6.0
2026-05-12T17:19:50.200,idle,18.1,3100,4051.06,1618.45,80.2,3094.0,75.5,-1.0,31.3,8.0,26.3,7.1
2026-05-12T17:19:51.202,idle,26.1,3100,4066.68,1603.39,80.4,3094.0,75.5,-1.0,42.0,14.0,35.4,13.0
2026-05-12T17:19:52.284,idle,22.7,3100,4069.79,1599.94,80.5,3094.0,75.5,-1.0,40.2,8.4,35.5,6.6
2026-05-12T17:19:53.285,idle,17.7,3100,4069.9,1600.01,80.5,3094.0,75.5,-1.0,31.0,5.0,29.3,5.9
2026-05-12T17:19:54.289,idle,16.3,3100,4070.29,1599.39,80.5,3094.0,75.5,-1.0,28.0,8.0,22.2,7.1
2026-05-12T17:19:55.293,idle,14.0,3100,4070.31,1599.43,80.5,3094.0,75.5,-1.0,22.2,7.0,20.8,6.0
2026-05-12T17:19:56.297,idle,18.6,3100,4067.93,1602.02,80.4,3094.0,75.5,-1.0,31.0,8.0,27.6,8.0
2026-05-12T17:19:57.297,idle,15.1,3100,4067.93,1602.03,80.4,3094.0,75.5,-1.0,25.5,5.1,23.0,7.0
2026-05-12T17:19:58.301,idle,19.0,3100,4057.46,1612.12,80.3,3094.0,75.5,-1.0,38.0,7.0,25.3,6.0
2026-05-12T17:19:59.302,idle,23.9,3100,4057.29,1612.82,80.3,3094.0,75.5,-1.0,37.4,12.1,35.0,11.0
2026-05-12T17:20:00.306,idle,19.5,3100,4058.16,1611.36,80.3,3094.0,75.5,-1.0,35.6,7.0,28.0,7.1
2026-05-12T17:20:01.309,idle,29.4,3100,4064.99,1605.21,80.4,3094.0,75.5,-1.0,53.0,9.0,48.5,7.1
2026-05-12T17:20:02.309,idle,21.4,3100,4066.31,1603.34,80.4,3094.0,75.5,-1.0,34.3,10.1,32.0,9.0
2026-05-12T17:20:03.312,idle,21.9,3100,4066.49,1603.39,80.4,3094.0,75.5,-1.0,33.3,11.0,32.3,11.0
2026-05-12T17:20:04.314,idle,16.8,3100,4062.79,1605.64,80.4,3094.0,75.5,-1.0,26.5,8.0,26.0,7.0
2026-05-12T17:20:05.318,idle,18.3,3100,4062.94,1604.72,80.4,3094.0,75.5,-1.0,28.7,9.1,28.0,7.1
2026-05-12T17:20:06.322,idle,22.6,3100,4049.77,1618.23,80.2,3094.0,75.5,-1.0,38.4,10.9,30.6,10.9
2026-05-12T17:20:07.327,idle,18.6,3100,4048.1,1620.14,80.2,3094.0,75.5,-1.0,31.0,8.1,28.3,7.0
2026-05-12T17:20:08.330,idle,24.6,3100,4047.45,1620.65,80.2,3094.0,75.5,-1.0,44.4,8.0,39.0,7.0
2026-05-12T17:20:09.335,idle,14.8,3100,4046.86,1621.62,80.2,3094.0,75.5,-1.0,25.0,7.0,22.0,5.1
2026-05-12T17:20:10.339,idle,17.0,3100,4047.08,1621.39,80.2,3094.0,75.5,-1.0,27.0,8.0,25.0,8.0
2026-05-12T17:20:11.342,idle,12.8,3100,4048.61,1619.46,80.2,3094.0,75.5,-1.0,20.2,5.1,20.2,6.0
2026-05-12T17:20:12.346,idle,18.8,3100,4048.55,1620.24,80.2,3094.0,75.5,-1.0,30.0,9.0,28.3,8.0
2026-05-12T17:20:13.350,idle,15.3,3100,4064.82,1603.3,80.4,3094.0,75.5,-1.0,25.3,7.9,21.2,7.0
2026-05-12T17:20:14.354,idle,15.6,3100,4063.78,1604.46,80.4,3094.0,75.5,-1.0,28.3,6.1,21.8,6.1
2026-05-12T17:20:15.358,idle,19.0,3100,4072.31,1596.53,80.5,3094.0,75.5,-1.0,29.0,11.0,26.0,9.9
2026-05-12T17:20:16.359,idle,31.2,3100,4072.34,1596.07,80.5,3094.0,75.5,-1.0,52.0,12.1,49.5,11.1
2026-05-12T17:20:17.359,idle,23.9,3100,4071.61,1597.67,80.5,3094.0,75.5,-1.0,34.3,15.0,28.3,18.2
2026-05-12T17:20:18.364,idle,14.0,3100,4068.07,1600.3,80.5,3094.0,75.5,-1.0,23.2,5.0,22.0,5.9
2026-05-12T17:20:19.368,idle,19.0,3100,4067.22,1601.97,80.4,3094.0,75.5,-1.0,31.0,10.0,26.3,9.0
2026-05-12T17:20:20.373,idle,6.8,3100,4059.69,1608.98,80.4,3094.0,75.5,-1.0,12.9,2.0,11.0,2.0
2026-05-12T17:20:21.376,idle,8.5,3100,4055.02,1613.85,80.3,3094.0,75.5,-1.0,13.3,4.0,13.1,3.0
2026-05-12T17:20:22.380,idle,36.3,3100,4057.61,1612.16,80.3,3094.0,75.5,-1.0,58.4,16.2,57.4,12.1
2026-05-12T17:20:23.382,idle,24.2,3100,4064.27,1605.72,80.4,3094.0,75.5,-1.0,43.4,8.0,38.8,7.1
2026-05-12T17:20:24.386,idle,18.0,3100,4059.61,1610.68,80.3,3094.0,75.5,-1.0,32.3,6.0,28.0,6.0
2026-05-12T17:20:25.390,idle,23.4,3100,4077.99,1589.21,80.6,3094.0,75.5,-1.0,40.4,8.1,38.0,7.0
2026-05-12T17:20:26.393,idle,28.1,3100,4078.61,1586.57,80.6,3094.0,75.5,-1.0,50.5,6.1,49.5,6.0
2026-05-12T17:20:27.396,idle,36.4,3100,4082.26,1585.43,80.6,3094.0,75.5,-1.0,63.6,13.0,58.0,11.1
2026-05-12T17:20:28.404,idle,41.2,3100,4097.13,1572.22,80.8,3094.0,75.5,-1.0,65.0,18.2,65.7,16.0
2026-05-12T17:20:29.409,idle,28.7,3100,4086.68,1563.06,80.9,3094.0,75.5,-1.0,46.5,11.0,45.5,11.1
2026-05-12T17:20:30.413,idle,20.5,3100,4083.59,1566.27,80.9,3094.0,75.5,-1.0,35.4,8.1,29.3,9.1
2026-05-12T17:20:31.413,idle,18.4,3100,4074.17,1579.51,80.7,3094.0,75.5,-1.0,32.7,8.1,26.3,7.0
2026-05-12T17:20:32.421,idle,39.3,3100,4078.8,1575.48,80.8,3094.0,75.5,-1.0,62.4,19.8,58.4,16.2
2026-05-12T17:20:33.458,idle,52.4,3100,4084.56,1581.34,80.7,3094.0,75.5,-1.0,89.4,14.7,91.3,13.6
2026-05-12T17:20:34.482,idle,47.3,3100,4094.74,1566.42,80.9,3094.0,75.5,-1.0,77.5,16.8,74.5,19.8
2026-05-12T17:20:35.486,idle,55.7,3100,4098.91,1554.77,81.0,3094.0,75.5,-1.0,89.0,22.2,89.1,22.0
2026-05-12T17:20:36.488,idle,30.7,3100,4096.48,1552.15,81.1,3094.0,75.5,-1.0,58.0,9.1,47.5,8.1
2026-05-12T17:20:37.493,idle,51.6,3100,4083.43,1534.69,81.3,3094.0,75.5,-1.0,76.8,25.0,81.0,24.0
2026-05-12T17:20:38.493,idle,46.7,3100,4009.77,1582.55,80.7,3094.0,75.5,-1.0,65.0,30.3,61.6,29.6
2026-05-12T17:20:39.497,idle,12.5,3100,4054.38,1537.89,81.2,3094.0,75.5,-1.0,25.0,4.0,17.0,4.0
2026-05-12T17:20:40.498,idle,5.3,3100,4053.55,1538.82,81.2,3094.0,75.5,-1.0,10.2,2.0,7.1,2.0
2026-05-12T17:20:41.502,idle,15.5,3100,4026.31,1566.75,80.9,3094.0,75.5,-1.0,29.7,2.0,27.0,3.0
2026-05-12T17:20:42.504,idle,28.8,3100,4028.19,1567.27,80.9,3094.0,75.5,-1.0,54.0,8.0,49.0,4.0
2026-05-12T17:20:43.508,idle,11.5,3100,3965.53,1630.0,80.1,3094.0,75.5,-1.0,21.2,3.0,19.2,3.0
2026-05-12T17:20:44.510,idle,21.1,3100,3944.24,1651.38,79.8,3094.0,75.5,-1.0,39.0,4.0,37.0,4.0
2026-05-12T17:20:45.510,idle,14.1,3100,3932.17,1663.16,79.7,3094.0,75.5,-1.0,25.3,3.0,26.3,2.0
2026-05-12T17:20:46.513,idle,6.5,3100,3935.42,1660.32,79.7,3094.0,75.5,-1.0,12.0,2.0,10.0,2.0
2026-05-12T17:20:47.517,idle,13.0,3100,3935.64,1660.24,79.7,3094.0,75.5,-1.0,22.0,5.9,19.0,5.0
2026-05-12T17:20:48.520,idle,8.0,3100,3935.77,1660.27,79.7,3094.0,75.5,-1.0,14.0,3.0,13.0,2.0
2026-05-12T17:20:49.524,idle,8.0,3100,3935.9,1659.97,79.7,3094.0,75.5,-1.0,13.3,3.0,13.1,3.0
2026-05-12T17:20:50.527,idle,5.7,3100,3935.94,1660.18,79.7,3094.0,75.5,-1.0,11.0,2.0,8.1,2.0
2026-05-12T17:20:51.529,idle,11.1,3100,3933.65,1662.16,79.7,3094.0,75.5,-1.0,22.2,4.0,15.0,3.0
2026-05-12T17:20:52.533,idle,15.7,3100,3927.45,1668.22,79.6,3094.0,75.5,-1.0,25.7,8.9,20.2,7.9
2026-05-12T17:20:53.537,idle,6.0,3100,3928.05,1667.23,79.6,3094.0,75.5,-1.0,11.1,2.0,9.0,2.0
2026-05-12T17:20:54.540,idle,14.8,3100,3941.81,1659.29,79.7,3094.0,75.5,-1.0,28.3,6.0,21.0,4.0
2026-05-12T17:20:55.543,idle,6.5,3100,3941.97,1659.0,79.7,3094.0,75.5,-1.0,11.0,3.0,9.0,3.0
2026-05-12T17:20:56.547,idle,8.0,3100,3941.71,1659.42,79.7,3094.0,75.5,-1.0,13.0,4.0,11.1,4.0
2026-05-12T17:20:57.547,idle,19.4,3100,3952.96,1648.41,79.9,3094.0,75.5,-1.0,35.4,8.0,27.3,7.1
2026-05-12T17:20:58.549,idle,14.3,3100,3953.78,1648.19,79.9,3094.0,75.5,-1.0,28.0,4.0,21.2,4.0
2026-05-12T17:20:59.552,idle,11.5,3100,3952.91,1668.07,79.6,3094.0,75.5,-1.0,18.2,4.0,20.0,4.0
2026-05-12T17:21:00.552,idle,10.0,3100,3953.67,1667.33,79.6,3094.0,75.5,-1.0,22.0,3.0,12.0,3.0
2026-05-12T17:21:01.556,idle,11.8,3100,3953.67,1667.34,79.6,3094.0,75.5,-1.0,23.0,4.0,16.2,4.0
2026-05-12T17:21:02.561,idle,18.2,3100,3954.11,1667.05,79.7,3094.0,75.5,-1.0,30.0,9.1,25.0,8.9
2026-05-12T17:21:03.561,idle,11.8,3100,3969.77,1657.91,79.8,3094.0,75.5,-1.0,20.2,5.0,17.2,5.0
2026-05-12T17:21:04.566,idle,7.8,3100,3969.86,1658.34,79.8,3094.0,75.5,-1.0,14.0,3.0,12.0,2.0
2026-05-12T17:21:05.567,idle,5.8,3100,3969.88,1658.57,79.8,3094.0,75.5,-1.0,10.1,2.0,9.0,2.0
2026-05-12T17:21:06.570,idle,7.3,3100,3970.05,1657.68,79.8,3094.0,75.5,-1.0,13.1,3.0,11.0,2.0
2026-05-12T17:21:07.572,idle,12.3,3100,3960.48,1667.65,79.6,3094.0,75.5,-1.0,22.0,6.0,16.2,5.1
2026-05-12T17:21:08.576,idle,6.5,3100,3960.62,1667.54,79.6,3094.0,75.5,-1.0,11.0,2.0,10.1,3.0
2026-05-12T17:21:09.580,idle,10.2,3100,3970.0,1657.86,79.8,3094.0,75.5,-1.0,15.2,4.0,17.8,4.0
2026-05-12T17:21:10.584,idle,6.0,3100,3970.09,1658.17,79.8,3094.0,75.5,-1.0,10.0,3.0,8.1,3.0
2026-05-12T17:21:11.586,idle,6.0,3100,3970.23,1657.91,79.8,3094.0,75.5,-1.0,12.0,2.0,8.1,2.0
2026-05-12T17:21:12.587,idle,13.1,3100,3970.54,1657.39,79.8,3094.0,75.5,-1.0,23.2,6.1,18.0,5.0
2026-05-12T17:21:13.590,idle,6.5,3100,3970.29,1657.94,79.8,3094.0,75.5,-1.0,10.9,2.0,11.0,2.0
2026-05-12T17:21:14.593,idle,9.1,3100,3970.39,1658.02,79.8,3094.0,75.5,-1.0,13.3,4.0,15.2,4.0
2026-05-12T17:21:15.597,idle,8.3,3100,3970.65,1656.89,79.8,3094.0,75.5,-1.0,14.0,4.0,12.1,3.0
2026-05-12T17:21:16.602,idle,9.5,3100,3971.65,1656.47,79.8,3094.0,75.5,-1.0,16.0,4.0,13.9,4.0
2026-05-12T17:21:17.602,idle,14.1,3100,3971.24,1656.98,79.8,3094.0,75.5,-1.0,21.4,9.0,19.2,7.1
2026-05-12T17:21:18.606,idle,8.2,3100,3968.73,1659.78,79.7,3094.0,75.5,-1.0,15.0,3.0,12.0,3.0
2026-05-12T17:21:19.611,idle,8.0,3100,3971.96,1656.43,79.8,3094.0,75.5,-1.0,14.9,2.0,12.1,3.0
2026-05-12T17:21:20.616,idle,5.8,3100,3977.53,1650.84,79.8,3094.0,75.5,-1.0,10.1,3.0,9.0,1.0
2026-05-12T17:21:21.620,idle,13.3,3100,3977.53,1650.84,79.8,3094.0,75.5,-1.0,26.0,3.0,21.2,3.0
2026-05-12T17:21:22.620,idle,10.6,3100,3977.51,1651.44,79.8,3094.0,75.5,-1.0,18.2,5.1,15.0,4.0
2026-05-12T17:21:23.621,idle,6.8,3100,3977.82,1650.66,79.9,3094.0,75.5,-1.0,12.0,3.0,9.1,3.0
2026-05-12T17:21:24.622,idle,7.8,3100,3977.82,1650.67,79.9,3094.0,75.5,-1.0,16.2,2.0,11.1,2.0
2026-05-12T17:21:25.627,idle,7.5,3100,3975.23,1654.32,79.8,3094.0,75.5,-1.0,15.2,3.0,9.9,2.0
2026-05-12T17:21:26.631,idle,8.8,3100,3975.34,1654.35,79.8,3094.0,75.5,-1.0,14.0,3.0,15.2,3.0
2026-05-12T17:21:27.634,idle,12.5,3100,3977.59,1652.11,79.8,3094.0,75.5,-1.0,22.0,7.0,16.2,5.0
2026-05-12T17:21:28.638,idle,7.5,3100,3977.7,1651.88,79.8,3094.0,75.5,-1.0,14.1,2.0,10.0,4.0
2026-05-12T17:21:29.642,idle,7.7,3100,3977.59,1652.62,79.8,3094.0,75.5,-1.0,13.0,4.0,11.0,3.0
2026-05-12T17:21:30.645,idle,7.3,3100,3977.68,1652.14,79.8,3094.0,75.5,-1.0,13.0,3.0,11.1,2.0
2026-05-12T17:21:31.648,idle,6.5,3100,3972.5,1657.04,79.8,3094.0,75.5,-1.0,13.0,2.0,9.1,2.0
2026-05-12T17:21:32.649,idle,9.5,3100,3966.98,1662.63,79.7,3094.0,75.5,-1.0,16.2,4.0,14.0,4.0
2026-05-12T17:21:33.650,idle,7.3,3100,3967.05,1662.72,79.7,3094.0,75.5,-1.0,12.1,3.0,11.1,3.0
2026-05-12T17:21:34.652,idle,8.5,3100,3965.91,1663.67,79.7,3094.0,75.5,-1.0,14.0,4.0,12.9,3.0
2026-05-12T17:21:35.657,idle,7.1,3100,3965.91,1663.68,79.7,3094.0,75.5,-1.0,14.0,2.0,10.2,2.0
2026-05-12T17:21:36.662,idle,11.5,3100,3967.96,1661.88,79.7,3094.0,75.5,-1.0,18.2,5.9,16.8,5.0
2026-05-12T17:21:37.662,idle,12.6,3100,3960.5,1669.57,79.6,3094.0,75.5,-1.0,22.0,5.1,17.0,6.1
2026-05-12T17:21:38.667,idle,6.8,3100,3961.48,1668.34,79.6,3094.0,75.5,-1.0,11.1,3.0,10.1,3.0
2026-05-12T17:21:39.671,idle,9.0,3100,3946.46,1683.74,79.4,3094.0,75.5,-1.0,19.0,3.0,12.1,2.0
2026-05-12T17:21:40.673,idle,6.0,3100,3956.51,1673.94,79.6,3094.0,75.5,-1.0,10.0,2.0,10.0,2.0
2026-05-12T17:21:41.678,idle,12.3,3100,3957.6,1672.59,79.6,3094.0,75.5,-1.0,22.0,5.1,17.2,5.0
2026-05-12T17:21:42.692,idle,41.8,3100,4110.2,1454.68,82.2,3094.0,75.5,-1.0,63.0,23.5,60.8,20.0
2026-05-12T17:21:43.694,idle,42.3,3100,4110.4,1429.16,82.6,3094.0,75.5,-1.0,63.0,23.2,60.6,22.2
2026-05-12T17:21:44.712,idle,39.6,3100,4130.16,1391.71,83.0,3094.0,75.5,-1.0,59.4,21.0,56.4,21.6
2026-05-12T17:21:45.716,idle,70.7,3100,4242.63,1789.23,78.2,3486.0,85.1,-1.0,100.0,42.0,100.0,40.4
2026-05-12T17:21:46.718,idle,36.9,3100,4191.05,1843.03,77.5,3486.0,85.1,-1.0,65.0,12.1,59.0,11.1
2026-05-12T17:21:47.721,idle,43.9,3100,4210.98,1823.82,77.7,3486.0,85.1,-1.0,73.7,17.0,70.0,15.0
2026-05-12T17:21:48.725,idle,34.3,3100,4206.82,1829.87,77.7,3486.0,85.1,-1.0,61.0,11.1,54.5,10.2
2026-05-12T17:21:49.733,idle,34.8,3100,4205.66,1830.94,77.6,3486.0,85.1,-1.0,62.0,9.1,57.4,10.0
2026-05-12T17:21:50.737,idle,30.5,3100,4179.94,1858.44,77.3,3486.0,85.1,-1.0,56.4,10.0,46.0,9.1
2026-05-12T17:21:51.742,idle,41.6,3100,4063.35,1974.45,75.9,3486.0,85.1,-1.0,74.0,11.0,69.7,12.0
2026-05-12T17:21:52.746,idle,38.8,3100,4047.39,1992.45,75.7,3486.0,85.1,-1.0,67.0,17.2,56.4,14.1
2026-05-12T17:21:53.750,idle,33.2,3100,4060.31,1980.73,75.8,3486.0,85.1,-1.0,58.6,15.2,44.9,14.1
2026-05-12T17:21:54.754,idle,39.4,3100,4078.8,1961.86,76.1,3486.0,85.1,-1.0,65.0,19.0,55.0,18.8
2026-05-12T17:21:55.758,idle,39.5,3100,4096.3,1944.37,76.3,3486.0,85.1,-1.0,67.7,17.2,56.0,17.2
2026-05-12T17:21:56.762,idle,58.6,3100,4158.74,1920.62,76.6,3486.0,85.1,-1.0,88.1,30.3,88.9,27.0
2026-05-12T17:21:57.765,idle,48.2,3100,4208.62,1887.34,77.0,3486.0,85.1,-1.0,85.0,13.0,83.2,11.1
2026-05-12T17:21:58.768,idle,34.2,3100,4210.48,1886.91,77.0,3486.0,85.1,-1.0,58.0,12.1,52.0,14.1
2026-05-12T17:21:59.769,idle,26.1,3100,4210.19,1886.99,77.0,3486.0,85.1,-1.0,49.5,6.0,43.4,6.0
2026-05-12T17:22:00.774,idle,21.2,3100,4189.23,1909.11,76.7,3486.0,85.1,-1.0,39.4,4.0,37.0,5.0
2026-05-12T17:22:01.777,idle,34.9,3100,4201.51,1897.75,76.8,3486.0,85.1,-1.0,59.4,11.1,59.0,9.2
2026-05-12T17:22:02.784,idle,25.8,3100,4209.93,1889.79,76.9,3486.0,85.1,-1.0,46.5,6.0,44.0,7.0
2026-05-12T17:22:03.898,idle,42.1,3100,4215.36,1885.61,77.0,3486.0,85.1,-1.0,69.6,15.3,70.3,12.7
2026-05-12T17:22:04.900,idle,27.8,3100,4217.33,1883.61,77.0,3486.0,85.1,-1.0,51.5,7.0,48.0,6.0
2026-05-12T17:22:05.901,idle,28.6,3100,4224.7,1877.2,77.1,3486.0,85.1,-1.0,50.5,9.1,46.0,8.1
2026-05-12T17:22:06.904,idle,26.1,3100,4193.73,1909.51,76.7,3486.0,85.1,-1.0,46.0,8.1,42.4,8.0
2026-05-12T17:22:07.909,idle,23.1,3100,4194.17,1907.78,76.7,3486.0,85.1,-1.0,42.0,7.1,36.6,6.1
2026-05-12T17:22:08.913,idle,19.6,3100,4194.35,1907.9,76.7,3486.0,85.1,-1.0,36.4,6.0,30.3,6.0
2026-05-12T17:22:09.916,idle,18.6,3100,4187.48,1915.34,76.6,3486.0,85.1,-1.0,33.0,7.0,29.3,5.1
2026-05-12T17:22:10.920,idle,29.3,3100,4196.78,1908.37,76.7,3486.0,85.1,-1.0,52.0,10.1,43.0,12.0
2026-05-12T17:22:11.924,idle,35.0,3100,4193.43,1928.64,76.5,3486.0,85.1,-1.0,61.0,12.0,57.0,10.0
2026-05-12T17:22:12.928,idle,12.3,3100,4186.88,1934.96,76.4,3486.0,85.1,-1.0,21.2,4.0,19.0,5.0
2026-05-12T17:22:13.933,idle,12.7,3100,4189.66,1932.22,76.4,3486.0,85.1,-1.0,23.8,4.9,18.0,4.0
2026-05-12T17:22:14.938,idle,16.0,3100,4204.38,1927.36,76.5,3486.0,85.1,-1.0,31.0,5.0,24.0,4.0
2026-05-12T17:22:15.941,idle,10.3,3100,4190.0,1941.99,76.3,3486.0,85.1,-1.0,16.2,4.0,17.0,4.0
2026-05-12T17:22:16.943,idle,23.9,3100,4212.16,1931.68,76.4,3486.0,85.1,-1.0,42.0,6.1,40.4,7.0
2026-05-12T17:22:17.946,idle,52.9,3100,4261.07,1904.5,76.8,3486.0,85.1,-1.0,89.9,18.0,85.9,18.2
2026-05-12T17:22:18.949,idle,39.7,3100,4267.45,1899.44,76.8,3486.0,85.1,-1.0,66.3,15.0,62.0,15.2
2026-05-12T17:22:19.951,idle,33.7,3100,4249.68,1917.21,76.6,3486.0,85.1,-1.0,59.0,10.2,54.5,10.1
2026-05-12T17:22:20.999,idle,36.2,3100,4263.59,1903.09,76.8,3486.0,85.1,-1.0,64.1,8.6,63.1,9.6
2026-05-12T17:22:22.001,idle,25.4,3100,4270.53,1896.6,76.8,3486.0,85.1,-1.0,45.0,7.1,42.6,7.0
2026-05-12T17:22:23.004,idle,26.7,3100,4264.7,1901.78,76.8,3486.0,85.1,-1.0,49.0,9.1,40.4,8.1
2026-05-12T17:22:24.005,idle,42.8,3100,4306.14,1860.2,77.3,3486.0,85.1,-1.0,61.6,25.3,61.6,23.0
2026-05-12T17:22:25.011,idle,13.0,3100,4321.19,1844.92,77.5,3486.0,85.1,-1.0,23.0,5.9,18.0,5.0
2026-05-12T17:22:26.015,idle,22.6,3100,4346.69,1818.8,77.8,3486.0,85.1,-1.0,39.0,8.1,34.3,9.0
2026-05-12T17:22:27.019,idle,18.8,3100,4327.22,1857.11,77.3,3486.0,85.1,-1.0,33.3,5.0,31.0,6.1
2026-05-12T17:22:28.022,idle,13.3,3100,4326.56,1857.71,77.3,3486.0,85.1,-1.0,24.0,5.0,20.0,4.0
2026-05-12T17:22:29.026,idle,17.1,3100,4314.53,1870.04,77.2,3486.0,85.1,-1.0,27.3,10.0,23.2,8.0
2026-05-12T17:22:30.029,idle,11.4,3100,4294.87,1889.7,76.9,3486.0,85.1,-1.0,22.0,4.1,15.3,4.0
2026-05-12T17:22:31.033,idle,7.0,3100,4291.39,1892.84,76.9,3486.0,85.1,-1.0,11.0,3.0,11.9,2.0
2026-05-12T17:22:32.037,idle,7.8,3100,4273.61,1910.54,76.7,3486.0,85.1,-1.0,13.1,3.0,13.0,2.0
2026-05-12T17:22:33.039,idle,6.5,3100,4272.17,1911.83,76.7,3486.0,85.1,-1.0,11.1,2.0,10.0,3.0
2026-05-12T17:22:34.044,idle,11.3,3100,4254.25,1930.48,76.4,3486.0,85.1,-1.0,20.8,4.0,18.2,2.0
2026-05-12T17:22:35.046,idle,7.3,3100,4253.41,1930.75,76.4,3486.0,85.1,-1.0,12.2,3.0,10.1,4.0
2026-05-12T17:22:36.050,idle,7.5,3100,4253.68,1929.88,76.4,3486.0,85.1,-1.0,14.0,3.0,11.0,2.0
2026-05-12T17:22:37.055,idle,10.0,3100,4253.71,1930.13,76.4,3486.0,85.1,-1.0,17.0,4.0,16.0,3.0
2026-05-12T17:22:38.059,idle,6.5,3100,4264.04,1920.37,76.6,3486.0,85.1,-1.0,11.1,3.0,10.0,2.0
2026-05-12T17:22:39.064,idle,18.0,3100,4256.04,1928.48,76.5,3486.0,85.1,-1.0,30.7,7.0,27.3,7.0
2026-05-12T17:22:40.067,idle,14.5,3100,4255.4,1928.95,76.5,3486.0,85.1,-1.0,26.3,7.0,20.0,5.0
2026-05-12T17:22:41.069,idle,6.6,3100,4256.91,1927.02,76.5,3486.0,85.1,-1.0,12.1,2.0,10.1,2.0
2026-05-12T17:22:42.074,idle,34.7,3100,4396.14,1788.02,78.2,3486.0,85.1,-1.0,52.0,19.8,49.5,17.8
2026-05-12T17:22:43.077,idle,34.3,3100,4401.62,1782.97,78.2,3486.0,85.1,-1.0,57.6,12.1,56.0,11.1
2026-05-12T17:22:44.080,idle,34.8,3100,4382.63,1801.67,78.0,3486.0,85.1,-1.0,58.0,12.2,56.0,12.1
2026-05-12T17:22:45.084,idle,47.3,3100,4375.09,1810.25,77.9,3486.0,85.1,-1.0,78.0,17.0,78.0,16.0
2026-05-12T17:22:46.087,idle,9.3,3100,4375.37,1810.26,77.9,3486.0,85.1,-1.0,18.0,3.0,13.1,3.0
2026-05-12T17:22:47.092,idle,11.3,3100,4319.79,1865.88,77.2,3486.0,85.1,-1.0,21.0,4.0,17.2,3.0
2026-05-12T17:22:48.095,idle,13.8,3100,4265.89,1919.75,76.6,3486.0,85.1,-1.0,25.0,5.0,20.0,5.0
2026-05-12T17:22:49.098,idle,17.1,3100,4264.71,1920.58,76.6,3486.0,85.1,-1.0,30.3,5.1,27.3,6.0
2026-05-12T17:22:50.101,idle,11.8,3100,4258.07,1927.53,76.5,3486.0,85.1,-1.0,20.2,5.0,19.0,3.0
2026-05-12T17:22:51.102,idle,10.6,3100,4257.9,1927.49,76.5,3486.0,85.1,-1.0,21.2,4.0,13.1,4.0
2026-05-12T17:22:52.109,idle,22.6,3100,4280.18,1905.52,76.7,3486.0,85.1,-1.0,37.0,10.1,33.0,10.0
2026-05-12T17:22:53.115,idle,32.3,3100,4282.81,1903.03,76.8,3486.0,85.1,-1.0,60.4,6.1,56.0,6.0
2026-05-12T17:22:54.120,idle,19.0,3100,4264.36,1921.46,76.5,3486.0,85.1,-1.0,33.3,6.9,29.7,6.0
2026-05-12T17:22:55.123,idle,13.6,3100,4260.89,1924.67,76.5,3486.0,85.1,-1.0,25.0,5.0,21.2,3.0
2026-05-12T17:22:56.124,idle,22.7,3100,4269.63,1916.06,76.6,3486.0,85.1,-1.0,42.4,7.1,34.3,7.1
2026-05-12T17:22:57.125,idle,13.3,3100,4265.0,1920.41,76.6,3486.0,85.1,-1.0,21.2,7.0,20.2,5.0
2026-05-12T17:22:58.130,idle,7.8,3100,4256.0,1930.01,76.4,3486.0,85.1,-1.0,14.0,2.0,13.0,2.0
2026-05-12T17:22:59.134,idle,9.7,3100,4253.9,1931.89,76.4,3486.0,85.1,-1.0,16.2,3.0,14.0,5.9
2026-05-12T17:23:00.135,idle,26.4,3100,4255.02,1930.2,76.4,3486.0,85.1,-1.0,48.0,7.1,43.0,7.1
2026-05-12T17:23:01.140,idle,18.0,3100,4281.47,1905.9,76.7,3486.0,85.1,-1.0,34.0,5.0,29.0,4.0
2026-05-12T17:23:02.144,idle,40.6,3100,4294.13,1894.22,76.9,3486.0,85.1,-1.0,73.0,8.1,72.7,8.9
2026-05-12T17:23:03.147,idle,25.9,3100,4294.54,1893.5,76.9,3486.0,85.1,-1.0,46.5,7.0,45.0,5.1
2026-05-12T17:23:04.151,idle,18.0,3100,4290.54,1897.82,76.8,3486.0,85.1,-1.0,32.0,7.0,25.3,7.9
2026-05-12T17:23:05.151,idle,6.5,3100,4289.57,1898.99,76.8,3486.0,85.1,-1.0,13.1,2.0,10.1,1.0
2026-05-12T17:23:06.156,idle,7.7,3100,4288.97,1899.12,76.8,3486.0,85.1,-1.0,14.0,2.0,11.9,3.0
2026-05-12T17:23:07.156,idle,10.0,3100,4276.98,1910.87,76.7,3486.0,85.1,-1.0,18.0,4.0,16.2,2.0
2026-05-12T17:23:08.160,idle,8.0,3100,4247.47,1940.51,76.3,3486.0,85.1,-1.0,17.0,2.0,11.1,2.0
2026-05-12T17:23:09.164,idle,32.8,3100,4305.7,1882.51,77.0,3486.0,85.1,-1.0,54.0,11.9,54.5,11.0
2026-05-12T17:23:10.166,idle,30.7,3100,4332.67,1855.37,77.4,3486.0,85.1,-1.0,51.0,15.3,41.4,15.2
2026-05-12T17:23:11.167,idle,29.6,3100,4338.04,1850.68,77.4,3486.0,85.1,-1.0,54.0,8.0,49.5,7.1
2026-05-12T17:23:12.171,idle,37.5,3100,4344.19,1845.79,77.5,3486.0,85.1,-1.0,68.3,9.1,65.0,7.9
2026-05-12T17:23:13.174,idle,17.0,3100,4344.2,1846.07,77.5,3486.0,85.1,-1.0,31.3,4.0,29.0,3.0
2026-05-12T17:23:14.174,idle,15.1,3100,4344.19,1845.62,77.5,3486.0,85.1,-1.0,26.5,5.0,24.2,5.0
2026-05-12T17:23:15.174,idle,10.1,3100,4330.32,1859.64,77.3,3486.0,85.1,-1.0,19.8,3.0,15.2,2.0
2026-05-12T17:23:16.176,idle,9.0,3100,4312.46,1877.64,77.1,3486.0,85.1,-1.0,16.2,4.0,12.1,4.0
2026-05-12T17:23:17.180,idle,9.5,3100,4294.7,1895.23,76.9,3486.0,85.1,-1.0,16.0,4.0,15.0,3.0
2026-05-12T17:23:18.184,idle,8.8,3100,4290.63,1898.99,76.8,3486.0,85.1,-1.0,17.2,3.0,12.0,3.0
2026-05-12T17:23:19.186,idle,7.3,3100,4288.59,1901.24,76.8,3486.0,85.1,-1.0,13.9,2.0,11.1,2.0
2026-05-12T17:23:20.190,idle,6.7,3100,4287.18,1902.93,76.8,3486.0,85.1,-1.0,12.1,2.0,11.0,2.0
2026-05-12T17:23:21.191,idle,7.8,3100,4263.95,1926.31,76.5,3486.0,85.1,-1.0,13.3,3.0,13.1,2.0
2026-05-12T17:23:22.191,idle,8.8,3100,4252.02,1937.74,76.3,3486.0,85.1,-1.0,15.8,3.0,14.0,2.0
2026-05-12T17:23:23.195,idle,16.0,3100,4250.77,1939.53,76.3,3486.0,85.1,-1.0,30.0,3.0,29.0,2.0
2026-05-12T17:23:24.200,idle,20.3,3100,4260.07,1930.36,76.4,3486.0,85.1,-1.0,34.3,8.0,33.0,6.0
2026-05-12T17:23:25.205,idle,41.1,3100,4266.55,1923.89,76.5,3486.0,85.1,-1.0,75.2,8.1,73.0,7.1
2026-05-12T17:23:26.206,idle,18.3,3100,4268.07,1922.68,76.5,3486.0,85.1,-1.0,35.4,6.0,26.0,6.0
2026-05-12T17:23:27.209,idle,36.8,3100,4267.54,1923.29,76.5,3486.0,85.1,-1.0,68.0,7.0,66.7,6.0
2026-05-12T17:23:28.213,idle,21.8,3100,4268.44,1921.75,76.5,3486.0,85.1,-1.0,39.0,6.0,37.4,5.0
2026-05-12T17:23:29.215,idle,12.5,3100,4268.62,1921.46,76.5,3486.0,85.1,-1.0,21.2,5.0,17.0,7.0
2026-05-12T17:23:30.219,idle,37.2,3100,4269.89,1920.38,76.6,3486.0,85.1,-1.0,68.0,7.1,65.0,8.1
2026-05-12T17:23:31.224,idle,32.7,3100,4271.08,1919.45,76.6,3486.0,85.1,-1.0,60.0,6.9,58.0,6.0
2026-05-12T17:23:32.229,idle,22.4,3100,4271.41,1918.75,76.6,3486.0,85.1,-1.0,40.6,6.1,36.0,6.9
2026-05-12T17:23:33.231,idle,35.9,3100,4273.32,1917.0,76.6,3486.0,85.1,-1.0,69.4,6.0,63.6,5.1
2026-05-12T17:23:34.235,idle,26.8,3100,4270.62,1920.21,76.6,3486.0,85.1,-1.0,49.5,7.0,44.0,6.1
2026-05-12T17:23:35.238,idle,28.0,3100,4269.75,1921.01,76.6,3486.0,85.1,-1.0,50.0,8.2,46.5,7.1
2026-05-12T17:23:36.240,idle,28.9,3100,4275.77,1917.89,76.6,3486.0,85.1,-1.0,52.0,9.0,47.0,8.0
2026-05-12T17:23:37.242,idle,20.4,3100,4275.71,1917.25,76.6,3486.0,85.1,-1.0,37.0,6.1,31.3,7.1
2026-05-12T17:23:38.246,idle,16.3,3100,4280.55,1912.88,76.6,3486.0,85.1,-1.0,31.0,4.0,26.0,4.0
2026-05-12T17:23:39.248,idle,12.3,3100,4275.62,1918.82,76.6,3486.0,85.1,-1.0,20.2,5.0,20.0,4.0
2026-05-12T17:23:40.252,idle,25.6,3100,4275.84,1917.9,76.6,3486.0,85.1,-1.0,48.0,6.0,42.4,6.0
2026-05-12T17:23:41.259,idle,20.3,3100,4275.19,1918.61,76.6,3486.0,85.1,-1.0,38.0,5.1,33.0,5.0
2026-05-12T17:23:42.264,idle,36.9,3100,4269.45,1923.96,76.5,3486.0,85.1,-1.0,66.0,12.0,59.0,10.1
2026-05-12T17:23:43.266,idle,25.1,3100,4263.37,1930.38,76.4,3486.0,85.1,-1.0,47.0,6.1,41.0,6.1
2026-05-12T17:23:44.269,idle,26.6,3100,4261.87,1932.64,76.4,3486.0,85.1,-1.0,49.5,7.0,43.4,7.0
2026-05-12T17:23:45.272,idle,22.0,3100,4269.69,1924.43,76.5,3486.0,85.1,-1.0,43.0,6.1,34.3,4.1
2026-05-12T17:23:46.274,idle,19.5,3100,4263.23,1931.2,76.4,3486.0,85.1,-1.0,36.4,4.0,32.0,5.9
2026-05-12T17:23:47.279,idle,17.0,3100,4262.35,1932.0,76.4,3486.0,85.1,-1.0,32.0,6.0,26.0,4.0
2026-05-12T17:23:48.281,idle,20.8,3100,4262.71,1931.62,76.4,3486.0,85.1,-1.0,39.0,7.0,31.0,6.1
2026-05-12T17:23:49.288,idle,25.9,3100,4265.49,1928.75,76.5,3486.0,85.1,-1.0,48.5,7.1,40.8,7.9
2026-05-12T17:23:50.290,idle,27.1,3100,4266.68,1927.64,76.5,3486.0,85.1,-1.0,50.0,8.1,42.0,8.1
2026-05-12T17:23:51.291,idle,34.4,3100,4254.55,1939.85,76.3,3486.0,85.1,-1.0,63.0,7.1,60.0,7.1
2026-05-12T17:23:52.292,idle,25.9,3100,4254.44,1939.79,76.3,3486.0,85.1,-1.0,48.5,8.0,41.4,6.1
2026-05-12T17:23:53.296,idle,22.8,3100,4254.55,1939.94,76.3,3486.0,85.1,-1.0,43.0,5.1,37.0,6.0
2026-05-12T17:23:54.298,idle,24.2,3100,4245.79,1948.65,76.2,3486.0,85.1,-1.0,44.4,8.1,38.0,6.1
2026-05-12T17:23:55.302,idle,25.0,3100,4247.98,1946.52,76.2,3486.0,85.1,-1.0,44.0,8.0,40.4,7.9
2026-05-12T17:23:56.307,idle,39.5,3100,4286.09,1906.39,76.7,3486.0,85.1,-1.0,67.7,13.1,63.0,14.1
2026-05-12T17:23:57.309,idle,37.4,3100,4318.79,1870.86,77.2,3486.0,85.1,-1.0,64.0,13.0,62.6,10.1
2026-05-12T17:23:58.313,idle,27.7,3100,4314.21,1873.77,77.1,3486.0,85.1,-1.0,48.5,9.0,46.0,8.0
2026-05-12T17:23:59.319,idle,32.2,3100,4314.81,1873.54,77.1,3486.0,85.1,-1.0,56.6,10.1,51.0,10.1
2026-05-12T17:24:00.322,idle,41.1,3100,4314.5,1873.68,77.1,3486.0,85.1,-1.0,73.3,11.0,70.0,10.0
2026-05-12T17:24:01.327,idle,29.1,3100,4321.64,1860.61,77.3,3486.0,85.1,-1.0,52.5,8.0,49.0,7.1
2026-05-12T17:24:02.331,idle,29.6,3100,4291.62,1891.08,76.9,3486.0,85.1,-1.0,46.0,16.2,41.4,15.0
2026-05-12T17:24:03.335,idle,13.9,3100,4331.47,1850.85,77.4,3486.0,85.1,-1.0,19.2,8.1,21.0,7.1
2026-05-12T17:24:04.337,idle,10.3,3100,4326.71,1855.64,77.3,3486.0,85.1,-1.0,18.2,5.0,15.2,3.0
2026-05-12T17:24:05.341,idle,8.0,3100,4321.73,1861.17,77.3,3486.0,85.1,-1.0,14.0,4.0,12.1,2.0
2026-05-12T17:24:06.342,idle,8.0,3100,4311.98,1870.6,77.2,3486.0,85.1,-1.0,14.0,2.0,11.9,4.0
2026-05-12T17:24:07.347,idle,11.2,3100,4271.57,1910.97,76.7,3486.0,85.1,-1.0,18.0,5.0,18.2,4.0
2026-05-12T17:24:08.348,idle,7.8,3100,4253.2,1929.62,76.4,3486.0,85.1,-1.0,13.3,3.0,12.0,3.0
2026-05-12T17:24:09.353,idle,7.8,3100,4240.3,1942.31,76.3,3486.0,85.1,-1.0,14.0,3.0,12.1,2.0
2026-05-12T17:24:10.358,idle,18.0,3100,4209.52,1973.34,75.9,3486.0,85.1,-1.0,27.0,9.9,26.3,9.0
2026-05-12T17:24:11.358,idle,11.0,3100,4208.43,1974.69,75.9,3486.0,85.1,-1.0,19.0,5.1,15.0,5.0
2026-05-12T17:24:12.359,idle,11.8,3100,4208.98,1974.16,75.9,3486.0,85.1,-1.0,19.2,6.0,18.2,4.0
2026-05-12T17:24:13.364,idle,5.5,3100,4209.0,1974.31,75.9,3486.0,85.1,-1.0,10.0,2.0,7.9,2.0
2026-05-12T17:24:14.368,idle,37.5,3100,4331.89,1851.32,77.4,3486.0,85.1,-1.0,53.5,24.0,51.0,22.0
2026-05-12T17:24:15.372,idle,39.8,3100,4435.04,1746.61,78.7,3486.0,85.1,-1.0,58.0,22.2,55.4,23.2
2026-05-12T17:24:16.376,idle,21.8,3100,4455.46,1725.36,78.9,3486.0,85.1,-1.0,38.4,9.0,30.3,9.9
2026-05-12T17:24:17.377,idle,26.3,3100,4370.55,1811.24,77.9,3486.0,85.1,-1.0,48.0,11.1,37.4,8.2
2026-05-12T17:24:18.382,idle,23.6,3100,4371.5,1803.66,78.0,3486.0,85.1,-1.0,38.4,11.0,36.4,9.0
2026-05-12T17:24:19.387,idle,8.2,3100,4370.79,1804.95,78.0,3486.0,85.1,-1.0,14.0,3.0,13.0,3.0
2026-05-12T17:24:20.390,idle,10.5,3100,4358.14,1817.44,77.8,3486.0,85.1,-1.0,17.0,4.0,18.0,3.0
2026-05-12T17:24:21.393,idle,6.2,3100,4343.39,1832.0,77.6,3486.0,85.1,-1.0,11.0,2.0,10.0,2.0
2026-05-12T17:24:22.398,idle,14.6,3100,4252.36,1922.55,76.5,3486.0,85.1,-1.0,25.3,5.1,23.2,5.1
2026-05-12T17:24:23.400,idle,7.0,3100,4204.19,1970.71,75.9,3486.0,85.1,-1.0,14.0,2.0,10.0,2.0
2026-05-12T17:24:24.403,idle,17.7,3100,4251.19,1923.6,76.5,3486.0,85.1,-1.0,31.3,7.9,25.0,6.9
2026-05-12T17:24:25.404,idle,10.8,3100,4216.77,1957.46,76.1,3486.0,85.1,-1.0,21.0,3.0,16.2,3.0
2026-05-12T17:24:26.408,idle,15.0,3100,4321.84,1852.3,77.4,3486.0,85.1,-1.0,28.0,6.0,21.0,5.0
2026-05-12T17:24:27.413,idle,38.9,3100,4296.65,1860.5,77.3,3486.0,85.1,-1.0,60.6,20.0,55.1,20.2
2026-05-12T17:24:28.417,idle,27.6,3100,4360.05,1758.29,78.5,3486.0,85.1,-1.0,50.5,9.1,42.0,9.0
2026-05-12T17:24:29.422,idle,54.9,3100,4401.62,1664.39,79.7,3486.0,85.1,-1.0,71.0,40.0,65.0,43.4
2026-05-12T17:24:30.426,idle,19.8,3100,4398.86,1682.13,79.5,3486.0,85.1,-1.0,36.0,8.1,29.0,7.0
2026-05-12T17:24:31.430,idle,16.4,3100,4370.09,1719.14,79.0,3486.0,85.1,-1.0,28.3,7.0,25.3,4.1
2026-05-12T17:24:32.433,idle,34.8,3100,4411.38,1683.75,79.4,3486.0,85.1,-1.0,52.0,20.2,44.4,22.8
2026-05-12T17:24:33.437,idle,42.7,3100,4401.48,1695.7,79.3,3486.0,85.1,-1.0,73.0,12.0,71.3,14.0
2026-05-12T17:24:34.437,idle,23.7,3100,4389.06,1708.79,79.1,3486.0,85.1,-1.0,43.4,8.0,37.4,6.1
2026-05-12T17:24:35.441,idle,7.2,3100,4387.8,1709.74,79.1,3486.0,85.1,-1.0,14.0,2.0,11.1,2.0
2026-05-12T17:24:36.443,idle,8.5,3100,4323.51,1763.51,78.5,3486.0,85.1,-1.0,16.0,2.0,13.9,2.0
2026-05-12T17:24:37.445,idle,9.5,3100,4295.63,1792.54,78.1,3486.0,85.1,-1.0,16.2,4.0,14.1,4.0
2026-05-12T17:24:38.447,idle,22.6,3100,4256.65,1830.82,77.7,3486.0,85.1,-1.0,43.4,6.0,35.4,6.0
2026-05-12T17:24:39.449,idle,22.4,3100,4198.33,1889.77,76.9,3486.0,85.1,-1.0,41.0,6.1,37.0,5.1
2026-05-12T17:24:40.453,idle,22.6,3100,4198.58,1889.41,76.9,3486.0,85.1,-1.0,43.0,6.1,36.4,5.9
2026-05-12T17:24:41.454,idle,7.1,3100,4198.78,1889.21,76.9,3486.0,85.1,-1.0,14.1,1.0,11.1,1.0
2026-05-12T17:24:42.458,idle,35.9,3100,4219.18,1870.03,77.2,3486.0,85.1,-1.0,65.0,9.9,62.0,7.0
2026-05-12T17:24:43.458,idle,40.4,3100,4244.32,1852.61,77.4,3486.0,85.1,-1.0,66.0,14.3,66.7,14.1
2026-05-12T17:24:44.461,idle,49.5,3100,4250.02,1840.35,77.5,3486.0,85.1,-1.0,87.0,13.0,85.1,12.1
2026-05-12T17:24:45.466,idle,47.6,3100,4251.82,1825.51,77.7,3486.0,85.1,-1.0,76.0,18.2,78.0,18.0
2026-05-12T17:24:46.468,idle,38.4,3100,4241.35,1836.22,77.6,3486.0,85.1,-1.0,69.0,10.1,65.0,9.1
2026-05-12T17:24:47.469,idle,35.3,3100,4241.32,1837.13,77.6,3486.0,85.1,-1.0,62.0,10.1,59.6,9.1
2026-05-12T17:24:48.473,idle,35.9,3100,4248.43,1833.27,77.6,3486.0,85.1,-1.0,65.0,7.9,64.4,6.1
2026-05-12T17:24:49.476,idle,36.1,3100,4242.61,1838.62,77.6,3486.0,85.1,-1.0,65.7,9.1,61.2,9.0
2026-05-12T17:24:50.477,idle,38.9,3100,4240.92,1842.59,77.5,3486.0,85.1,-1.0,72.0,8.2,67.3,7.1
2026-05-12T17:24:51.478,idle,25.3,3100,4227.45,1857.07,77.3,3486.0,85.1,-1.0,47.0,5.9,43.9,5.0
2026-05-12T17:24:52.483,idle,18.5,3100,4227.48,1857.21,77.3,3486.0,85.1,-1.0,36.0,2.0,32.7,3.0
2026-05-12T17:24:53.486,idle,23.4,3100,4228.21,1856.17,77.3,3486.0,85.1,-1.0,42.4,7.0,37.4,7.0
2026-05-12T17:24:54.487,idle,41.4,3100,4211.34,1873.39,77.1,3486.0,85.1,-1.0,75.0,8.1,74.0,8.0
2026-05-12T17:24:55.490,idle,29.2,3100,4209.69,1876.23,77.1,3486.0,85.1,-1.0,56.0,6.1,47.5,7.1
2026-05-12T17:24:56.495,idle,22.9,3100,4266.77,1819.17,77.8,3486.0,85.1,-1.0,36.7,12.0,34.0,9.1
2026-05-12T17:24:57.500,idle,39.8,3100,4260.65,1826.6,77.7,3486.0,85.1,-1.0,59.4,22.2,56.0,21.2
2026-05-12T17:24:58.501,idle,22.6,3100,4189.35,1899.81,76.8,3486.0,85.1,-1.0,43.0,4.0,41.0,2.0
2026-05-12T17:24:59.505,idle,30.3,3100,4231.4,1858.48,77.3,3486.0,85.1,-1.0,49.5,15.0,40.0,16.8
2026-05-12T17:25:00.509,idle,27.0,3100,4237.8,1852.3,77.4,3486.0,85.1,-1.0,47.0,10.1,42.4,9.1
2026-05-12T17:25:01.513,idle,27.6,3100,4265.12,1825.0,77.7,3486.0,85.1,-1.0,51.5,8.0,42.9,8.0
2026-05-12T17:25:02.518,idle,26.3,3100,4291.18,1798.68,78.0,3486.0,85.1,-1.0,45.0,10.1,37.6,12.0
2026-05-12T17:25:03.521,idle,20.6,3100,4311.64,1779.87,78.3,3486.0,85.1,-1.0,35.4,8.9,30.3,8.1
2026-05-12T17:25:04.525,idle,20.4,3100,4304.57,1786.6,78.2,3486.0,85.1,-1.0,38.0,7.1,30.3,6.0
2026-05-12T17:25:05.527,idle,10.7,3100,4297.4,1793.98,78.1,3486.0,85.1,-1.0,19.0,4.0,16.2,4.0
2026-05-12T17:25:06.531,idle,7.8,3100,4297.39,1794.04,78.1,3486.0,85.1,-1.0,15.2,3.0,11.0,2.0
2026-05-12T17:25:07.531,idle,12.8,3100,4252.54,1838.11,77.6,3486.0,85.1,-1.0,27.3,6.0,14.1,4.0
2026-05-12T17:25:08.537,idle,8.5,3100,4249.27,1841.4,77.5,3486.0,85.1,-1.0,19.0,2.0,10.0,3.0
2026-05-12T17:25:09.538,idle,6.5,3100,4237.13,1853.47,77.4,3486.0,85.1,-1.0,12.0,1.0,11.1,2.0
2026-05-12T17:25:10.540,idle,11.6,3100,4196.07,1896.0,76.9,3486.0,85.1,-1.0,22.2,3.0,19.0,2.0
2026-05-12T17:25:11.543,idle,20.9,3100,4154.9,1937.43,76.3,3486.0,85.1,-1.0,39.4,9.9,26.0,8.9
2026-05-12T17:25:12.548,idle,39.0,3100,4255.22,1837.29,77.6,3486.0,85.1,-1.0,57.0,24.2,52.5,22.2
2026-05-12T17:25:13.553,idle,33.2,3100,4289.34,1793.25,78.1,3454.0,84.3,-1.0,57.6,13.1,49.0,13.1
2026-05-12T17:25:14.557,idle,39.9,3100,4298.84,1677.66,79.5,3454.0,84.3,-1.0,63.0,17.2,61.6,18.0
2026-05-12T17:25:15.558,idle,35.4,3100,4325.38,1653.69,79.8,3454.0,84.3,-1.0,49.5,23.0,48.5,21.0
2026-05-12T17:25:16.562,idle,14.5,3100,4312.55,1666.51,79.7,3454.0,84.3,-1.0,22.0,9.0,20.0,7.1
2026-05-12T17:25:17.566,idle,12.3,3100,4283.55,1696.2,79.3,3454.0,84.3,-1.0,20.2,7.0,18.2,4.0
2026-05-12T17:25:18.568,idle,8.5,3100,4280.2,1699.45,79.3,3454.0,84.3,-1.0,14.9,2.0,14.0,3.0
2026-05-12T17:25:19.572,idle,8.3,3100,4277.68,1702.54,79.2,3454.0,84.3,-1.0,13.3,4.0,12.1,4.0
2026-05-12T17:25:20.575,idle,8.5,3100,4273.62,1705.68,79.2,3454.0,84.3,-1.0,15.0,4.0,13.0,2.0
2026-05-12T17:25:21.575,idle,25.5,3100,4248.12,1731.6,78.9,3454.0,84.3,-1.0,47.5,9.1,35.4,10.1
2026-05-12T17:25:22.576,idle,27.3,3100,4221.19,1758.2,78.5,3454.0,84.3,-1.0,47.0,10.2,40.4,11.1
2026-05-12T17:25:23.578,idle,6.3,3100,4212.29,1768.24,78.4,3454.0,84.3,-1.0,11.1,3.0,9.0,2.0
2026-05-12T17:25:24.578,idle,21.3,3100,4102.21,1879.91,77.1,3454.0,84.3,-1.0,37.0,8.1,31.6,8.2
2026-05-12T17:25:25.578,idle,19.8,3100,4114.75,1868.82,77.2,3454.0,84.3,-1.0,36.7,9.1,25.0,8.9
2026-05-12T17:25:26.579,idle,6.5,3100,4114.95,1868.7,77.2,3454.0,84.3,-1.0,11.0,4.0,9.1,2.0
2026-05-12T17:25:27.584,idle,12.3,3100,4115.75,1868.02,77.2,3454.0,84.3,-1.0,21.0,5.1,18.0,5.0
2026-05-12T17:25:28.589,idle,14.6,3100,4122.86,1870.1,77.2,3454.0,84.3,-1.0,21.2,8.0,19.2,10.0
2026-05-12T17:25:29.594,idle,9.2,3100,4123.21,1869.66,77.2,3454.0,84.3,-1.0,16.0,4.0,14.0,3.0
2026-05-12T17:25:30.595,idle,10.8,3100,4123.54,1869.3,77.2,3454.0,84.3,-1.0,18.0,5.0,17.2,3.0
2026-05-12T17:25:31.599,idle,10.1,3100,4123.09,1870.19,77.2,3454.0,84.3,-1.0,19.2,3.0,14.0,4.0
2026-05-12T17:25:32.602,idle,13.7,3100,4124.15,1869.36,77.2,3454.0,84.3,-1.0,22.0,6.0,22.0,5.0
2026-05-12T17:25:33.606,idle,24.1,3100,4130.07,1864.93,77.2,3454.0,84.3,-1.0,40.4,11.1,35.4,10.0
2026-05-12T17:25:34.607,idle,21.1,3100,4130.74,1863.8,77.2,3454.0,84.3,-1.0,38.4,8.1,28.3,9.1
2026-05-12T17:25:35.610,idle,22.9,3100,4131.75,1863.81,77.2,3454.0,84.3,-1.0,41.0,9.1,33.0,8.1
2026-05-12T17:25:36.611,idle,17.9,3100,4132.27,1862.71,77.3,3454.0,84.3,-1.0,33.3,7.0,24.2,7.1
2026-05-12T17:25:37.616,idle,23.9,3100,4132.52,1862.85,77.3,3454.0,84.3,-1.0,42.0,11.0,32.0,10.9
2026-05-12T17:25:38.619,idle,13.9,3100,4134.39,1862.35,77.3,3454.0,84.3,-1.0,25.3,5.1,21.0,4.0
2026-05-12T17:25:39.620,idle,18.1,3100,4134.47,1861.83,77.3,3454.0,84.3,-1.0,32.3,7.9,26.5,6.1
2026-05-12T17:25:40.621,idle,11.1,3100,4134.79,1862.34,77.3,3454.0,84.3,-1.0,22.8,3.1,15.2,3.0
2026-05-12T17:25:41.625,idle,28.0,3100,4135.73,1861.32,77.3,3454.0,84.3,-1.0,47.5,13.1,39.4,12.0
2026-05-12T17:25:42.628,idle,26.9,3100,4134.24,1862.63,77.3,3454.0,84.3,-1.0,44.4,12.0,40.0,11.1
2026-05-12T17:25:43.629,idle,22.5,3100,4125.33,1872.2,77.1,3454.0,84.3,-1.0,41.4,9.1,31.6,8.1
2026-05-12T17:25:44.629,idle,17.6,3100,4125.43,1872.04,77.1,3454.0,84.3,-1.0,31.3,7.1,24.0,8.0
2026-05-12T17:25:45.630,idle,11.1,3100,4127.28,1870.04,77.2,3454.0,84.3,-1.0,22.2,4.0,15.2,3.0
2026-05-12T17:25:46.635,idle,17.0,3100,4127.31,1870.05,77.2,3454.0,84.3,-1.0,30.0,9.0,22.2,7.0
2026-05-12T17:25:47.639,idle,19.4,3100,4136.59,1861.04,77.3,3454.0,84.3,-1.0,32.3,10.1,27.0,8.1
2026-05-12T17:25:48.644,idle,42.7,3100,4137.14,1860.75,77.3,3454.0,84.3,-1.0,58.2,29.6,57.1,26.3
2026-05-12T17:25:49.645,idle,46.4,3100,4099.63,1898.0,76.8,3454.0,84.3,-1.0,63.6,31.3,63.6,26.8
2026-05-12T17:25:50.647,idle,40.3,3100,4112.57,1884.96,77.0,3454.0,84.3,-1.0,57.1,25.8,55.7,22.4
2026-05-12T17:25:51.652,idle,47.8,3100,4120.78,1877.31,77.1,3454.0,84.3,-1.0,66.7,35.4,61.6,27.6
2026-05-12T17:25:52.656,idle,37.7,3100,4132.21,1865.52,77.2,3454.0,84.3,-1.0,47.5,28.3,49.0,26.0
2026-05-12T17:25:53.660,idle,44.4,3100,4137.9,1859.84,77.3,3454.0,84.3,-1.0,61.2,30.6,58.2,27.6
2026-05-12T17:25:54.665,idle,22.6,3100,4274.28,1735.75,78.8,3454.0,84.3,-1.0,36.4,11.1,32.0,11.0
2026-05-12T17:25:55.672,idle,39.6,3100,4313.11,1701.9,79.2,3454.0,84.3,-1.0,70.3,12.0,65.7,10.1
2026-05-12T17:25:56.673,idle,14.4,3100,4314.2,1700.44,79.2,3454.0,84.3,-1.0,28.3,3.0,22.2,4.0
2026-05-12T17:25:57.674,idle,28.4,3100,4283.37,1732.89,78.8,3454.0,84.3,-1.0,49.0,11.0,45.5,8.2
2026-05-12T17:25:58.678,idle,30.1,3100,4280.05,1736.28,78.8,3454.0,84.3,-1.0,51.0,11.1,46.5,11.0
2026-05-12T17:25:59.683,idle,28.6,3100,4282.12,1734.59,78.8,3454.0,84.3,-1.0,49.5,11.0,44.4,10.0
2026-05-12T17:26:00.685,idle,30.5,3100,4240.64,1776.57,78.3,3454.0,84.3,-1.0,53.5,10.1,47.0,11.1
2026-05-12T17:26:01.692,idle,29.0,3100,4232.18,1785.91,78.2,3454.0,84.3,-1.0,52.5,8.1,47.0,8.0
2026-05-12T17:26:02.695,idle,37.5,3100,4223.82,1786.47,78.2,3454.0,84.3,-1.0,61.6,15.2,59.6,13.3
2026-05-12T17:26:03.702,idle,39.2,3100,4214.72,1796.17,78.1,3454.0,84.3,-1.0,70.0,11.0,65.0,11.0
2026-05-12T17:26:04.704,idle,23.3,3100,4215.92,1795.11,78.1,3454.0,84.3,-1.0,42.6,7.1,35.0,8.0
2026-05-12T17:26:05.714,idle,19.0,3100,4215.64,1795.39,78.1,3454.0,84.3,-1.0,35.4,6.0,29.7,5.0
2026-05-12T17:26:06.719,idle,34.6,3100,4216.96,1794.05,78.1,3454.0,84.3,-1.0,58.4,14.0,53.5,12.1
2026-05-12T17:26:07.720,idle,27.8,3100,4180.57,1830.26,77.7,3454.0,84.3,-1.0,47.5,10.1,46.9,7.1
2026-05-12T17:26:08.722,idle,17.3,3100,4176.57,1834.37,77.6,3454.0,84.3,-1.0,32.7,5.1,26.0,5.9
2026-05-12T17:26:09.723,idle,9.1,3100,4176.1,1834.99,77.6,3454.0,84.3,-1.0,18.0,2.0,14.1,2.0
2026-05-12T17:26:10.726,idle,10.2,3100,4172.28,1838.57,77.6,3454.0,84.3,-1.0,18.0,4.0,15.8,3.0
2026-05-12T17:26:11.729,idle,8.5,3100,4157.52,1853.73,77.4,3454.0,84.3,-1.0,15.0,4.0,12.1,3.0
2026-05-12T17:26:12.733,idle,10.3,3100,4157.29,1853.86,77.4,3454.0,84.3,-1.0,17.2,4.0,17.2,3.0
2026-05-12T17:26:13.736,idle,15.0,3100,4157.24,1853.96,77.4,3454.0,84.3,-1.0,29.0,1.0,27.7,2.0
2026-05-12T17:26:14.740,idle,13.6,3100,4157.75,1853.44,77.4,3454.0,84.3,-1.0,24.2,5.9,20.2,4.0
2026-05-12T17:26:15.746,idle,34.0,3100,4160.52,1850.72,77.4,3454.0,84.3,-1.0,53.0,17.0,49.0,17.0
2026-05-12T17:26:16.753,idle,52.5,3100,4183.08,1829.54,77.7,3454.0,84.3,-1.0,76.2,30.3,72.0,31.0
2026-05-12T17:26:17.757,idle,30.3,3100,4184.38,1828.29,77.7,3454.0,84.3,-1.0,51.0,13.1,46.0,11.0
2026-05-12T17:26:18.762,idle,36.8,3100,4186.67,1825.34,77.7,3454.0,84.3,-1.0,64.6,10.0,63.0,9.1
2026-05-12T17:26:19.762,idle,22.4,3100,4187.54,1825.34,77.7,3454.0,84.3,-1.0,40.0,8.1,33.3,8.1
2026-05-12T17:26:20.766,idle,25.4,3100,4186.43,1826.12,77.7,3454.0,84.3,-1.0,45.0,9.0,39.4,8.1
2026-05-12T17:26:21.770,idle,16.3,3100,4186.8,1825.93,77.7,3454.0,84.3,-1.0,29.3,7.0,24.2,5.0
2026-05-12T17:26:22.775,idle,28.9,3100,4184.04,1829.02,77.7,3454.0,84.3,-1.0,51.0,10.1,46.5,8.0
2026-05-12T17:26:23.826,idle,29.0,3100,4191.03,1811.29,77.9,3454.0,84.3,-1.0,51.0,6.7,51.4,6.7
2026-05-12T17:26:24.827,idle,49.7,3100,4214.3,1771.32,78.4,3454.0,84.3,-1.0,85.0,15.2,84.2,14.1
2026-05-12T17:26:25.834,idle,33.1,3100,4223.51,1761.06,78.5,3454.0,84.3,-1.0,58.0,10.1,53.5,10.0
2026-05-12T17:26:26.857,idle,44.6,3100,4253.01,1732.0,78.9,3454.0,84.3,-1.0,76.5,15.7,74.5,11.8
2026-05-12T17:26:27.861,idle,42.5,3100,4249.48,1734.59,78.8,3454.0,84.3,-1.0,73.0,12.0,73.0,11.2
2026-05-12T17:26:28.865,idle,32.1,3100,4238.68,1745.54,78.7,3454.0,84.3,-1.0,51.0,15.2,48.0,14.0
2026-05-12T17:26:29.869,idle,23.4,3100,4199.83,1784.13,78.2,3454.0,84.3,-1.0,41.4,7.1,37.0,8.0
2026-05-12T17:26:30.874,idle,31.8,3100,4205.23,1779.12,78.3,3454.0,84.3,-1.0,56.0,11.9,50.5,9.1
2026-05-12T17:26:31.875,idle,27.1,3100,4176.79,1807.44,77.9,3454.0,84.3,-1.0,48.0,8.2,44.0,8.0
2026-05-12T17:26:32.880,idle,33.5,3100,4151.49,1834.13,77.6,3454.0,84.3,-1.0,62.0,9.1,54.5,8.1
2026-05-12T17:26:33.881,idle,33.9,3100,4148.05,1837.55,77.6,3454.0,84.3,-1.0,62.6,7.0,60.0,6.1
2026-05-12T17:26:34.884,idle,28.8,3100,4144.33,1841.7,77.5,3454.0,84.3,-1.0,50.0,10.1,44.6,10.0
2026-05-12T17:26:35.886,idle,11.6,3100,4117.24,1868.26,77.2,3454.0,84.3,-1.0,22.2,4.0,17.2,3.0
2026-05-12T17:26:36.891,idle,21.6,3100,4123.22,1862.5,77.3,3454.0,84.3,-1.0,38.6,6.1,35.4,6.0
2026-05-12T17:26:37.891,idle,10.8,3100,4116.16,1869.6,77.2,3454.0,84.3,-1.0,19.2,4.0,17.2,4.0
2026-05-12T17:26:38.896,idle,6.7,3100,4108.49,1877.26,77.1,3454.0,84.3,-1.0,12.0,2.0,10.0,2.0
2026-05-12T17:26:39.901,idle,8.0,3100,4119.56,1866.01,77.2,3454.0,84.3,-1.0,14.3,4.0,12.1,2.0
2026-05-12T17:26:40.902,idle,23.4,3100,4118.85,1867.41,77.2,3454.0,84.3,-1.0,40.6,9.1,35.6,8.0
2026-05-12T17:26:41.903,idle,18.9,3100,4107.21,1878.59,77.1,3454.0,84.3,-1.0,35.4,6.0,30.6,4.0
2026-05-12T17:26:42.908,idle,9.8,3100,4109.04,1879.99,77.1,3454.0,84.3,-1.0,17.2,4.0,15.0,3.0
2026-05-12T17:26:43.912,idle,26.6,3100,4110.69,1878.73,77.1,3454.0,84.3,-1.0,49.0,7.0,44.0,6.1
2026-05-12T17:26:44.914,idle,22.7,3100,4118.85,1870.87,77.2,3454.0,84.3,-1.0,41.4,7.1,34.3,8.0
2026-05-12T17:26:45.917,idle,30.1,3100,4120.59,1871.87,77.2,3454.0,84.3,-1.0,55.4,6.1,53.0,5.1
2026-05-12T17:26:46.921,idle,11.2,3100,4120.29,1873.03,77.1,3454.0,84.3,-1.0,18.0,3.9,20.2,3.0
2026-05-12T17:26:47.923,idle,22.0,3100,4130.5,1861.64,77.3,3454.0,84.3,-1.0,40.4,7.1,33.3,7.0
2026-05-12T17:26:48.924,idle,20.6,3100,4127.46,1865.31,77.2,3454.0,84.3,-1.0,35.4,8.0,32.0,7.1
2026-05-12T17:26:49.928,idle,6.7,3100,4126.87,1865.49,77.2,3454.0,84.3,-1.0,12.0,2.0,11.0,2.0
2026-05-12T17:26:50.932,idle,15.8,3100,4123.66,1869.78,77.2,3454.0,84.3,-1.0,28.7,6.0,24.0,5.0
2026-05-12T17:26:51.936,idle,28.3,3100,4124.87,1867.63,77.2,3454.0,84.3,-1.0,49.0,9.1,46.0,9.1
2026-05-12T17:26:52.941,idle,19.8,3100,4120.36,1872.38,77.1,3454.0,84.3,-1.0,38.0,6.0,31.3,4.0
2026-05-12T17:26:53.941,idle,21.1,3100,4100.68,1892.58,76.9,3454.0,84.3,-1.0,39.0,6.1,33.3,6.0
2026-05-12T17:26:54.945,idle,35.8,3100,4172.95,1820.25,77.8,3454.0,84.3,-1.0,58.2,16.2,54.5,14.3
2026-05-12T17:26:55.946,idle,22.9,3100,4193.39,1799.85,78.0,3454.0,84.3,-1.0,35.0,13.1,31.0,13.0
2026-05-12T17:26:56.949,idle,39.9,3100,4251.26,1744.25,78.7,3454.0,84.3,-1.0,61.0,22.2,54.5,21.2
2026-05-12T17:26:57.956,idle,25.0,3100,4252.36,1746.91,78.7,3454.0,84.3,-1.0,44.4,9.9,39.0,7.0
2026-05-12T17:26:58.957,idle,67.1,3100,4298.77,1863.63,77.3,3454.0,84.3,-1.0,95.0,38.4,96.0,38.4
2026-05-12T17:26:59.959,idle,46.2,3100,4342.33,1825.12,77.7,3454.0,84.3,-1.0,60.4,33.3,59.0,32.0
2026-05-12T17:27:00.962,idle,25.1,3100,4341.07,1830.54,77.7,3454.0,84.3,-1.0,45.5,8.0,41.0,6.1
2026-05-12T17:27:01.967,idle,31.1,3100,4292.7,1882.53,77.0,3454.0,84.3,-1.0,53.5,9.0,53.0,8.9
2026-05-12T17:27:02.972,idle,26.4,3100,4268.32,1906.79,76.7,3454.0,84.3,-1.0,46.5,10.0,39.4,10.0
2026-05-12T17:27:03.972,idle,33.6,3100,4262.36,1912.77,76.7,3454.0,84.3,-1.0,63.0,6.1,58.0,6.1
2026-05-12T17:27:04.978,idle,15.5,3100,4264.64,1910.57,76.7,3454.0,84.3,-1.0,28.3,5.0,24.2,5.0
2026-05-12T17:27:05.986,idle,28.5,3100,4274.46,1901.26,76.8,3454.0,84.3,-1.0,51.0,8.0,47.5,7.1
2026-05-12T17:27:06.991,idle,44.3,3100,4262.68,1913.65,76.6,3454.0,84.3,-1.0,80.2,9.1,77.0,10.0
2026-05-12T17:27:07.992,idle,32.3,3100,4263.95,1912.32,76.7,3454.0,84.3,-1.0,58.6,12.1,47.5,11.1
2026-05-12T17:27:08.997,idle,36.0,3100,4264.64,1912.45,76.7,3454.0,84.3,-1.0,66.0,9.1,59.6,9.1
2026-05-12T17:27:09.998,idle,37.7,3100,4276.34,1903.58,76.8,3454.0,84.3,-1.0,68.0,9.0,64.0,9.9
2026-05-12T17:27:11.002,idle,34.0,3100,4274.51,1904.75,76.7,3454.0,84.3,-1.0,55.0,17.2,49.0,14.3
2026-05-12T17:27:12.005,idle,48.5,3100,4270.21,1908.76,76.7,3454.0,84.3,-1.0,77.0,25.3,67.7,24.0
2026-05-12T17:27:13.010,idle,42.1,3100,4299.62,1912.03,76.7,3454.0,84.3,-1.0,66.7,19.0,64.4,18.2
2026-05-12T17:27:14.013,idle,38.1,3100,4297.95,1914.27,76.6,3454.0,84.3,-1.0,61.0,17.0,57.6,17.0
2026-05-12T17:27:15.014,idle,49.7,3100,4301.43,1913.67,76.6,3454.0,84.3,-1.0,88.0,13.0,86.1,11.1
2026-05-12T17:27:16.016,idle,35.8,3100,4304.31,1913.74,76.6,3454.0,84.3,-1.0,60.0,12.2,57.6,13.0
2026-05-12T17:27:17.022,idle,31.5,3100,4292.31,1925.91,76.5,3454.0,84.3,-1.0,50.5,13.0,50.5,12.1
2026-05-12T17:27:18.025,idle,40.4,3100,4308.11,1909.79,76.7,3454.0,84.3,-1.0,73.0,10.0,69.3,9.0
2026-05-12T17:27:19.026,idle,29.9,3100,4306.5,1911.21,76.7,3454.0,84.3,-1.0,55.0,7.1,49.5,7.1
2026-05-12T17:27:20.030,idle,26.6,3100,4307.31,1911.36,76.7,3454.0,84.3,-1.0,48.5,8.0,44.0,6.0
2026-05-12T17:27:21.037,idle,34.9,3100,4281.66,1937.38,76.4,3454.0,84.3,-1.0,59.4,12.0,56.0,12.0
2026-05-12T17:27:22.075,idle,32.2,3100,4294.0,1933.68,76.4,3454.0,84.3,-1.0,55.3,9.7,54.8,9.6
2026-05-12T17:27:23.080,idle,35.4,3100,4284.28,1942.86,76.3,3454.0,84.3,-1.0,63.4,9.0,60.0,8.1
2026-05-12T17:27:24.082,idle,29.8,3100,4295.57,1932.16,76.4,3454.0,84.3,-1.0,50.5,9.1,50.5,9.1
2026-05-12T17:27:25.084,idle,28.0,3100,4298.3,1930.44,76.4,3454.0,84.3,-1.0,52.5,7.1,44.4,8.0
2026-05-12T17:27:26.087,idle,45.2,3100,4320.1,1912.19,76.7,3454.0,84.3,-1.0,76.0,17.0,74.0,13.3
2026-05-12T17:27:27.100,idle,48.3,3100,4327.97,1904.45,76.8,3454.0,84.3,-1.0,81.2,11.9,88.1,11.9
2026-05-12T17:27:28.104,idle,42.6,3100,4324.39,1909.44,76.7,3454.0,84.3,-1.0,76.0,8.1,79.2,6.9
2026-05-12T17:27:29.105,idle,37.9,3100,4324.13,1919.64,76.6,3454.0,84.3,-1.0,70.0,8.0,65.7,8.1
2026-05-12T17:27:30.109,idle,30.8,3100,4323.15,1922.97,76.5,3454.0,84.3,-1.0,55.0,7.1,53.0,8.0
2026-05-12T17:27:31.109,idle,48.4,3100,4338.61,1912.69,76.7,3454.0,84.3,-1.0,81.8,15.2,83.8,12.2
2026-05-12T17:27:32.113,idle,38.7,3100,4324.4,1926.22,76.5,3454.0,84.3,-1.0,70.0,9.0,66.3,9.0
2026-05-12T17:27:33.113,idle,27.8,3100,4310.17,1940.34,76.3,3454.0,84.3,-1.0,52.0,5.0,49.0,5.0
2026-05-12T17:27:34.114,idle,26.1,3100,4309.82,1941.1,76.3,3454.0,84.3,-1.0,46.5,8.2,41.8,8.1
2026-05-12T17:27:35.117,idle,27.2,3100,4309.1,1942.14,76.3,3454.0,84.3,-1.0,50.5,7.0,43.6,7.1
2026-05-12T17:27:36.121,idle,16.3,3100,4286.36,1964.91,76.0,3454.0,84.3,-1.0,30.3,6.0,23.2,5.9
2026-05-12T17:27:37.125,idle,11.1,3100,4253.38,1997.52,75.6,3454.0,84.3,-1.0,18.2,4.0,18.2,4.0
2026-05-12T17:27:38.129,idle,17.0,3100,4255.93,1995.28,75.6,3454.0,84.3,-1.0,31.0,6.9,25.3,5.0
2026-05-12T17:27:39.132,idle,7.3,3100,4243.38,2007.79,75.5,3454.0,84.3,-1.0,14.0,2.0,11.0,2.0
2026-05-12T17:27:40.132,idle,7.1,3100,4245.91,2005.62,75.5,3454.0,84.3,-1.0,13.1,2.0,11.1,2.0
2026-05-12T17:27:41.132,idle,6.0,3100,4236.58,2014.98,75.4,3454.0,84.3,-1.0,11.1,2.0,9.0,2.0
2026-05-12T17:27:42.136,idle,14.7,3100,4236.07,2015.66,75.4,3454.0,84.3,-1.0,25.0,7.0,22.0,5.0
2026-05-12T17:27:43.139,idle,30.2,3100,4241.22,2010.54,75.5,3454.0,84.3,-1.0,55.6,8.1,50.0,7.1
2026-05-12T17:27:44.143,idle,23.0,3100,4239.01,2013.29,75.4,3454.0,84.3,-1.0,42.6,6.0,37.4,6.0
2026-05-12T17:27:45.144,idle,25.5,3100,4235.3,2016.93,75.4,3454.0,84.3,-1.0,46.5,8.1,40.4,7.1
2026-05-12T17:27:46.149,idle,22.2,3100,4236.5,2015.68,75.4,3454.0,84.3,-1.0,38.0,7.0,38.0,5.9
2026-05-12T17:27:47.153,idle,10.3,3100,4235.56,2016.34,75.4,3454.0,84.3,-1.0,20.0,4.0,15.2,2.0
2026-05-12T17:27:48.153,idle,4.0,3100,4234.84,2016.88,75.4,3454.0,84.3,-1.0,7.1,1.0,7.0,1.0
2026-05-12T17:27:49.156,idle,5.5,3100,4234.78,2017.08,75.4,3454.0,84.3,-1.0,12.0,1.0,7.0,2.0
2026-05-12T17:27:50.160,idle,4.2,3100,4230.71,2021.36,75.3,3454.0,84.3,-1.0,8.0,2.0,6.0,1.0
2026-05-12T17:27:51.165,idle,3.3,3100,4193.01,2059.13,74.9,3454.0,84.3,-1.0,8.0,0.0,4.1,1.0
2026-05-12T17:27:52.165,idle,15.0,3100,4204.73,2047.34,75.0,3454.0,84.3,-1.0,22.2,10.0,19.0,9.0
2026-05-12T17:27:53.166,idle,6.0,3100,4196.24,2055.12,74.9,3454.0,84.3,-1.0,10.1,2.0,10.9,1.0
2026-05-12T17:27:54.171,idle,3.0,3100,4196.34,2055.27,74.9,3454.0,84.3,-1.0,6.0,0.0,5.1,1.0
2026-05-12T17:27:55.173,idle,4.5,3100,4196.36,2055.61,74.9,3454.0,84.3,-1.0,8.1,2.0,7.0,1.0
2026-05-12T17:27:56.177,idle,8.0,3100,4196.53,2055.41,74.9,3454.0,84.3,-1.0,14.0,3.0,12.1,3.0
2026-05-12T17:27:57.182,idle,4.5,3100,4191.73,2060.4,74.8,3454.0,84.3,-1.0,8.9,1.0,7.0,1.0
2026-05-12T17:27:58.187,idle,8.2,3100,4215.47,2036.47,75.1,3454.0,84.3,-1.0,16.0,3.0,12.1,2.0
2026-05-12T17:27:59.192,idle,7.0,3100,4210.12,2041.65,75.1,3454.0,84.3,-1.0,12.1,2.0,9.0,5.0
2026-05-12T17:28:00.197,idle,37.2,3100,4234.05,2018.04,75.4,3454.0,84.3,-1.0,63.4,13.0,61.0,11.1
2026-05-12T17:28:01.199,idle,31.7,3100,4244.34,2007.59,75.5,3454.0,84.3,-1.0,55.6,10.1,52.5,8.1
2026-05-12T17:28:02.200,idle,25.7,3100,4260.25,1992.05,75.7,3454.0,84.3,-1.0,47.5,8.0,39.8,8.0
2026-05-12T17:28:03.205,idle,18.1,3100,4262.05,1990.3,75.7,3454.0,84.3,-1.0,33.0,4.0,31.0,4.0
2026-05-12T17:28:04.206,idle,25.1,3100,4268.87,1983.09,75.8,3454.0,84.3,-1.0,45.5,8.0,40.4,7.0
2026-05-12T17:28:05.210,idle,34.6,3100,4267.25,1984.63,75.8,3454.0,84.3,-1.0,64.0,7.1,61.0,6.0
2026-05-12T17:28:06.211,idle,25.2,3100,4282.47,1969.57,76.0,3454.0,84.3,-1.0,44.4,7.1,42.0,7.1
2026-05-12T17:28:07.215,idle,28.6,3100,4282.85,1969.05,76.0,3454.0,84.3,-1.0,52.0,9.1,45.0,8.1
2026-05-12T17:28:08.220,idle,18.0,3100,4282.23,1970.17,76.0,3454.0,84.3,-1.0,31.0,5.0,31.0,5.0
2026-05-12T17:28:09.225,idle,15.1,3100,4282.4,1969.55,76.0,3454.0,84.3,-1.0,29.0,5.0,22.4,4.0
2026-05-12T17:28:10.228,idle,26.2,3100,4316.2,1935.64,76.4,3454.0,84.3,-1.0,46.0,8.1,41.6,9.0
2026-05-12T17:28:11.229,idle,15.1,3100,4319.57,1933.33,76.4,3454.0,84.3,-1.0,28.3,4.0,25.3,3.0
2026-05-12T17:28:12.232,idle,5.8,3100,4265.71,1987.73,75.7,3454.0,84.3,-1.0,12.1,2.0,8.1,1.0
2026-05-12T17:28:13.233,idle,32.0,3100,4278.82,1974.82,75.9,3454.0,84.3,-1.0,57.0,8.1,53.0,9.9
2026-05-12T17:28:14.237,idle,24.8,3100,4277.42,1976.02,75.9,3454.0,84.3,-1.0,47.5,6.1,41.4,4.1
2026-05-12T17:28:15.239,idle,15.2,3100,4273.77,1979.75,75.8,3454.0,84.3,-1.0,28.0,5.0,23.0,5.0
2026-05-12T17:28:16.241,idle,66.9,3100,4293.15,1964.36,76.0,3454.0,84.3,-1.0,88.0,48.5,84.0,47.0
2026-05-12T17:28:17.246,idle,37.8,3100,4293.8,1964.49,76.0,3454.0,84.3,-1.0,58.6,17.8,55.0,20.0
2026-05-12T17:28:18.249,idle,15.4,3100,4289.51,1968.03,76.0,3454.0,84.3,-1.0,29.0,4.1,24.2,4.0
2026-05-12T17:28:19.249,idle,27.9,3100,4289.98,1968.2,76.0,3454.0,84.3,-1.0,51.0,9.0,44.4,7.1
2026-05-12T17:28:20.253,idle,16.3,3100,4283.51,1973.5,75.9,3454.0,84.3,-1.0,32.0,4.0,26.0,3.0
2026-05-12T17:28:21.257,idle,5.2,3100,4246.78,2009.59,75.5,3454.0,84.3,-1.0,10.0,2.0,8.0,1.0
2026-05-12T17:28:22.261,idle,7.0,3100,4239.07,2017.59,75.4,3454.0,84.3,-1.0,12.1,2.0,12.0,2.0
2026-05-12T17:28:23.338,idle,24.7,3100,4251.49,2006.14,75.5,3454.0,84.3,-1.0,44.4,7.5,40.2,6.5
2026-05-12T17:28:24.342,idle,20.6,3100,4265.07,1991.86,75.7,3454.0,84.3,-1.0,41.4,3.0,35.0,3.0
2026-05-12T17:28:25.346,idle,10.8,3100,4266.11,1991.27,75.7,3454.0,84.3,-1.0,22.0,4.0,14.1,3.0
2026-05-12T17:28:26.351,idle,20.6,3100,4280.13,1977.85,75.9,3454.0,84.3,-1.0,37.0,6.0,33.0,6.1
2026-05-12T17:28:27.356,idle,26.1,3100,4288.26,1969.08,76.0,3454.0,84.3,-1.0,44.4,8.0,45.5,7.0
2026-05-12T17:28:28.359,idle,30.5,3100,4280.86,1976.4,75.9,3454.0,84.3,-1.0,54.5,8.2,50.5,8.0
2026-05-12T17:28:29.364,idle,21.9,3100,4279.9,1977.11,75.9,3454.0,84.3,-1.0,39.0,8.0,33.3,7.1
2026-05-12T17:28:30.410,idle,20.0,3100,4275.8,1981.29,75.8,3454.0,84.3,-1.0,37.3,4.8,33.7,4.8
2026-05-12T17:28:31.411,idle,14.6,3100,4274.92,1982.41,75.8,3454.0,84.3,-1.0,27.0,4.0,25.3,2.0
2026-05-12T17:28:32.411,idle,7.8,3100,4263.64,1993.39,75.7,3454.0,84.3,-1.0,14.0,3.0,11.0,3.0
2026-05-12T17:28:33.416,idle,7.8,3100,4270.7,1986.37,75.8,3454.0,84.3,-1.0,13.1,3.0,12.1,3.0
2026-05-12T17:28:34.417,idle,31.5,3100,4264.12,1993.18,75.7,3454.0,84.3,-1.0,56.0,10.1,50.5,9.1
2026-05-12T17:28:35.422,idle,16.2,3100,4250.16,2007.09,75.5,3454.0,84.3,-1.0,31.0,4.0,25.7,4.0
2026-05-12T17:28:36.425,idle,37.4,3100,4322.84,1939.07,76.3,3454.0,84.3,-1.0,52.0,25.5,46.9,25.3
2026-05-12T17:28:37.427,idle,10.8,3100,4327.61,1944.05,76.3,3454.0,84.3,-1.0,16.8,7.0,14.1,5.1
2026-05-12T17:28:38.431,idle,24.8,3100,4369.62,1902.01,76.8,3454.0,84.3,-1.0,38.8,13.0,35.6,12.0
2026-05-12T17:28:39.436,idle,22.6,3100,4330.68,1933.95,76.4,3454.0,84.3,-1.0,40.0,10.1,32.3,8.0
2026-05-12T17:28:40.438,idle,16.3,3100,4333.27,1929.97,76.4,3454.0,84.3,-1.0,31.0,6.0,23.0,5.1
2026-05-12T17:28:41.442,idle,4.3,3100,4299.84,1963.57,76.0,3454.0,84.3,-1.0,9.0,2.0,5.1,1.0
2026-05-12T17:28:42.448,idle,25.1,3100,4366.77,1894.04,76.9,3454.0,84.3,-1.0,40.4,11.2,37.0,11.9
2026-05-12T17:28:43.462,idle,25.3,3100,4312.96,1945.97,76.2,3454.0,84.3,-1.0,42.2,12.7,37.0,9.1
2026-05-12T17:28:44.466,idle,33.0,3100,4345.16,1894.77,76.9,3454.0,84.3,-1.0,52.0,18.2,46.0,16.0
2026-05-12T17:28:45.466,idle,12.6,3100,4347.12,1893.01,76.9,3454.0,84.3,-1.0,23.2,5.0,18.2,4.0
2026-05-12T17:28:46.468,idle,14.3,3100,4347.19,1892.47,76.9,3454.0,84.3,-1.0,29.0,6.1,19.2,3.0
2026-05-12T17:28:47.468,idle,16.4,3100,4344.52,1893.18,76.9,3454.0,84.3,-1.0,31.3,7.1,23.0,5.0
2026-05-12T17:28:48.487,idle,20.5,3100,4339.33,1898.86,76.8,3454.0,84.3,-1.0,38.6,9.8,26.3,6.9
2026-05-12T17:28:49.490,idle,41.0,3100,4306.25,1927.57,76.5,3454.0,84.3,-1.0,71.0,13.1,67.0,12.1
2026-05-12T17:28:50.490,idle,19.6,3100,4300.25,1933.26,76.4,3454.0,84.3,-1.0,36.4,6.1,29.3,7.0
2026-05-12T17:28:51.494,idle,19.1,3100,4300.93,1931.56,76.4,3454.0,84.3,-1.0,35.4,8.0,26.7,6.1
2026-05-12T17:28:52.498,idle,22.5,3100,4285.0,1947.93,76.2,3454.0,84.3,-1.0,35.4,10.1,35.7,9.0
2026-05-12T17:28:53.501,idle,31.8,3100,4163.85,2091.02,74.5,3454.0,84.3,-1.0,52.0,15.0,45.5,14.9
2026-05-12T17:28:54.505,idle,24.9,3100,4150.18,2103.91,74.3,3454.0,84.3,-1.0,45.5,10.0,36.4,7.1
2026-05-12T17:28:55.508,idle,17.4,3100,4149.42,2105.07,74.3,3454.0,84.3,-1.0,32.3,5.1,26.3,6.0
2026-05-12T17:28:56.512,idle,15.2,3100,4149.15,2104.97,74.3,3454.0,84.3,-1.0,29.0,4.0,25.0,3.0
2026-05-12T17:28:57.517,idle,25.4,3100,4157.96,2096.88,74.4,3454.0,84.3,-1.0,49.0,6.1,40.4,6.1
2026-05-12T17:28:58.518,idle,24.7,3100,4167.38,2086.84,74.5,3454.0,84.3,-1.0,44.4,8.1,38.0,8.1
2026-05-12T17:28:59.522,idle,35.8,3100,4165.64,2089.3,74.5,3454.0,84.3,-1.0,62.0,11.1,58.0,12.0
2026-05-12T17:29:00.525,idle,27.0,3100,4176.83,2077.59,74.6,3454.0,84.3,-1.0,54.5,7.9,41.0,5.0
2026-05-12T17:29:01.526,idle,39.1,3100,4213.27,2042.38,75.1,3454.0,84.3,-1.0,69.0,15.3,57.6,14.1
2026-05-12T17:29:02.531,idle,27.5,3100,4228.62,2026.68,75.3,3454.0,84.3,-1.0,61.0,7.9,36.4,5.0
2026-05-12T17:29:03.533,idle,26.6,3100,4206.05,2049.59,75.0,3454.0,84.3,-1.0,56.0,5.0,40.4,5.0
2026-05-12T17:29:04.534,idle,40.4,3100,4310.69,1941.99,76.3,3454.0,84.3,-1.0,64.3,22.2,56.0,19.2
2026-05-12T17:29:05.539,idle,21.2,3100,4329.98,1922.18,76.5,3454.0,84.3,-1.0,31.0,12.0,29.0,13.0
2026-05-12T17:29:06.541,idle,10.3,3100,4324.58,1928.16,76.5,3454.0,84.3,-1.0,17.0,5.1,14.1,5.0
2026-05-12T17:29:07.545,idle,13.4,3100,4329.66,1923.19,76.5,3454.0,84.3,-1.0,22.4,7.0,19.0,5.1
2026-05-12T17:29:08.546,idle,12.1,3100,4329.98,1922.68,76.5,3454.0,84.3,-1.0,19.0,5.0,18.4,6.0
2026-05-12T17:29:09.551,idle,10.3,3100,4327.95,1924.92,76.5,3454.0,84.3,-1.0,16.0,6.0,15.0,4.0
2026-05-12T17:29:10.555,idle,28.6,3100,4294.36,1958.91,76.1,3454.0,84.3,-1.0,41.4,16.2,42.0,14.9
2026-05-12T17:29:11.560,idle,33.1,3100,4323.26,1923.32,76.5,3454.0,84.3,-1.0,48.0,21.2,43.4,20.2
2026-05-12T17:29:12.562,idle,51.1,3100,4314.44,1884.22,77.0,3454.0,84.3,-1.0,64.6,39.0,62.6,37.8
2026-05-12T17:29:13.563,idle,15.1,3100,4308.4,1890.68,76.9,3454.0,84.3,-1.0,25.3,6.1,21.0,8.0
2026-05-12T17:29:14.567,idle,9.4,3100,4308.44,1890.76,76.9,3454.0,84.3,-1.0,14.1,5.1,13.3,5.1
2026-05-12T17:29:15.569,idle,20.7,3100,4310.86,1888.43,76.9,3454.0,84.3,-1.0,34.0,11.0,28.7,9.1
2026-05-12T17:29:16.573,idle,22.3,3100,4307.61,1891.68,76.9,3454.0,84.3,-1.0,39.4,8.2,33.3,8.1
2026-05-12T17:29:17.576,idle,13.6,3100,4228.46,1959.7,76.1,3454.0,84.3,-1.0,22.2,8.0,17.3,7.0
2026-05-12T17:29:18.580,idle,16.1,3100,4219.15,1969.07,76.0,3454.0,84.3,-1.0,28.0,7.1,22.2,7.0
2026-05-12T17:29:19.582,idle,23.1,3100,4216.7,1971.51,75.9,3454.0,84.3,-1.0,38.4,12.0,32.0,10.1
2026-05-12T17:29:20.584,idle,12.8,3100,4218.04,1970.26,75.9,3454.0,84.3,-1.0,23.0,6.1,17.2,5.1
2026-05-12T17:29:21.585,idle,11.1,3100,4218.42,1969.77,76.0,3454.0,84.3,-1.0,18.4,6.0,16.2,4.0
2026-05-12T17:29:22.585,idle,10.3,3100,4217.97,1970.14,76.0,3454.0,84.3,-1.0,17.2,6.0,13.1,5.0
2026-05-12T17:29:23.587,idle,11.8,3100,4207.95,1979.56,75.8,3454.0,84.3,-1.0,21.0,5.1,17.0,4.0
2026-05-12T17:29:24.591,idle,11.9,3100,4208.0,1980.06,75.8,3454.0,84.3,-1.0,20.2,5.1,17.3,5.0
2026-05-12T17:29:25.596,idle,13.0,3100,4208.15,1980.49,75.8,3454.0,84.3,-1.0,21.0,6.0,20.0,5.1
2026-05-12T17:29:26.601,idle,11.0,3100,4208.23,1980.15,75.8,3454.0,84.3,-1.0,17.2,6.0,15.0,5.9
2026-05-12T17:29:27.602,idle,10.6,3100,4208.42,1979.63,75.8,3454.0,84.3,-1.0,16.2,6.0,15.2,5.0
2026-05-12T17:29:28.606,idle,11.4,3100,4208.79,1979.91,75.8,3454.0,84.3,-1.0,19.2,5.1,16.2,5.1
2026-05-12T17:29:29.609,idle,12.0,3100,4209.26,1979.63,75.8,3454.0,84.3,-1.0,20.0,6.0,17.0,5.0
2026-05-12T17:29:30.609,idle,11.8,3100,4209.32,1978.99,75.8,3454.0,84.3,-1.0,20.2,7.0,16.2,4.0
2026-05-12T17:29:31.613,idle,10.3,3100,4209.58,1978.92,75.8,3454.0,84.3,-1.0,18.2,4.0,14.0,5.0
2026-05-12T17:29:32.613,idle,8.6,3100,4209.0,1979.98,75.8,3454.0,84.3,-1.0,16.0,4.0,11.2,3.1
2026-05-12T17:29:33.614,idle,11.3,3100,4209.16,1979.53,75.8,3454.0,84.3,-1.0,21.2,5.0,15.0,4.0
2026-05-12T17:29:34.614,idle,11.1,3100,4210.47,1978.16,75.9,3454.0,84.3,-1.0,20.2,4.0,15.3,5.0
2026-05-12T17:29:35.617,idle,15.0,3100,4211.09,1977.81,75.9,3454.0,84.3,-1.0,23.2,8.0,22.0,7.0
2026-05-12T17:29:36.618,idle,10.4,3100,4225.34,1969.59,76.0,3454.0,84.3,-1.0,15.2,6.1,16.2,4.0
2026-05-12T17:29:37.621,idle,16.0,3100,4225.57,1969.17,76.0,3454.0,84.3,-1.0,27.0,6.0,24.0,7.0
2026-05-12T17:29:38.624,idle,15.6,3100,4225.12,1970.0,76.0,3454.0,84.3,-1.0,29.0,6.0,22.2,5.1
2026-05-12T17:29:39.626,idle,11.9,3100,4225.29,1970.05,76.0,3454.0,84.3,-1.0,23.5,5.0,15.2,4.0
2026-05-12T17:29:40.631,idle,14.5,3100,4225.49,1969.21,76.0,3454.0,84.3,-1.0,26.0,5.1,21.2,5.9
2026-05-12T17:29:41.635,idle,9.0,3100,4225.54,1969.64,76.0,3454.0,84.3,-1.0,15.0,4.0,12.9,4.0
2026-05-12T17:29:42.635,idle,9.1,3100,4225.86,1969.66,76.0,3454.0,84.3,-1.0,15.3,5.1,11.1,5.0
2026-05-12T17:29:43.636,idle,11.6,3100,4225.49,1969.91,76.0,3454.0,84.3,-1.0,19.0,6.0,17.2,4.0
2026-05-12T17:29:44.636,idle,10.6,3100,4225.78,1969.57,76.0,3454.0,84.3,-1.0,18.0,4.0,15.2,5.0
2026-05-12T17:29:45.637,idle,11.4,3100,4225.87,1969.76,76.0,3454.0,84.3,-1.0,18.2,5.1,18.4,4.0
2026-05-12T17:29:46.637,idle,10.3,3100,4225.89,1969.68,76.0,3454.0,84.3,-1.0,16.3,6.0,15.0,4.0
2026-05-12T17:29:47.642,idle,8.3,3100,4226.33,1968.73,76.0,3454.0,84.3,-1.0,14.0,3.0,12.1,4.0
2026-05-12T17:29:48.647,idle,11.3,3100,4226.21,1969.57,76.0,3454.0,84.3,-1.0,18.2,5.0,18.0,4.0
2026-05-12T17:29:49.647,idle,13.8,3100,4226.66,1968.7,76.0,3454.0,84.3,-1.0,22.2,6.0,20.2,7.0
2026-05-12T17:29:50.647,idle,12.7,3100,4226.24,1968.92,76.0,3454.0,84.3,-1.0,23.5,6.1,16.3,5.1
2026-05-12T17:29:51.650,idle,15.3,3100,4240.49,1970.57,75.9,3454.0,84.3,-1.0,23.0,10.0,20.0,8.1
2026-05-12T17:29:52.654,idle,10.7,3100,4240.43,1971.08,75.9,3454.0,84.3,-1.0,19.0,5.0,13.1,5.9
2026-05-12T17:29:53.659,idle,14.5,3100,4239.68,1971.75,75.9,3454.0,84.3,-1.0,26.0,7.0,20.0,5.1
2026-05-12T17:29:54.663,idle,35.0,3100,4334.36,1859.85,77.3,3454.0,84.3,-1.0,58.6,15.3,50.0,16.0
2026-05-12T17:29:55.668,idle,31.7,3100,4337.66,1856.23,77.3,3454.0,84.3,-1.0,61.0,7.0,53.1,6.0
2026-05-12T17:29:56.668,idle,20.6,3100,4341.27,1853.28,77.4,3454.0,84.3,-1.0,39.0,7.0,30.0,6.1
2026-05-12T17:29:57.668,idle,6.8,3100,4340.79,1853.34,77.4,3454.0,84.3,-1.0,13.1,2.0,10.1,2.0
2026-05-12T17:29:58.670,idle,13.1,3100,4318.75,1876.06,77.1,3454.0,84.3,-1.0,22.2,9.0,17.2,4.0
2026-05-12T17:29:59.674,idle,29.9,3100,4308.98,1885.26,77.0,3454.0,84.3,-1.0,60.4,8.0,45.1,8.9
2026-05-12T17:30:00.677,idle,24.7,3100,4227.39,1967.09,76.0,3454.0,84.3,-1.0,43.9,10.0,37.5,8.2
2026-05-12T17:30:01.680,idle,19.5,3100,4239.53,1954.85,76.1,3454.0,84.3,-1.0,34.0,7.1,29.7,7.0
2026-05-12T17:30:02.685,idle,24.5,3100,4234.86,1959.18,76.1,3454.0,84.3,-1.0,44.0,8.0,37.0,9.0
2026-05-12T17:30:03.686,idle,25.3,3100,4242.86,1949.64,76.2,3422.0,83.5,-1.0,41.4,12.1,36.4,11.1
2026-05-12T17:30:04.688,idle,21.1,3100,4246.95,1944.81,76.3,3422.0,83.5,-1.0,37.0,9.0,29.3,9.1
2026-05-12T17:30:05.690,idle,19.9,3100,4236.41,1954.29,76.1,3422.0,83.5,-1.0,34.3,8.1,29.3,8.0
2026-05-12T17:30:06.692,idle,17.1,3100,4237.39,1960.41,76.1,3422.0,83.5,-1.0,32.3,7.0,25.3,4.0
2026-05-12T17:30:07.697,idle,35.4,3100,4236.39,1959.63,76.1,3422.0,83.5,-1.0,57.4,18.0,48.5,17.2
2026-05-12T17:30:08.700,idle,35.0,3100,4230.91,1957.63,76.1,3422.0,83.5,-1.0,56.6,18.0,50.0,15.8
2026-05-12T17:30:09.701,idle,31.6,3100,4216.62,1968.43,76.0,3422.0,83.5,-1.0,50.0,14.1,54.5,7.1
2026-05-12T17:30:10.702,idle,46.4,3100,4201.03,1947.41,76.2,3390.0,82.8,-1.0,60.0,33.0,65.0,27.7
2026-05-12T17:30:11.703,idle,38.7,3100,4197.26,1949.82,76.2,3390.0,82.8,-1.0,60.0,17.2,58.0,19.2
2026-05-12T17:30:12.707,idle,36.0,3100,4197.09,1949.91,76.2,3390.0,82.8,-1.0,62.0,15.8,51.5,15.0
2026-05-12T17:30:13.709,idle,37.4,3100,4195.67,1950.17,76.2,3390.0,82.8,-1.0,51.5,17.2,60.0,20.8
2026-05-12T17:30:14.714,idle,32.9,3100,4196.1,1949.56,76.2,3390.0,82.8,-1.0,57.6,10.0,54.0,10.1
2026-05-12T17:30:15.715,idle,30.4,3100,4190.62,1954.66,76.1,3390.0,82.8,-1.0,55.0,7.0,52.5,7.0
2026-05-12T17:30:16.718,idle,41.0,3100,4191.58,1953.5,76.2,3390.0,82.8,-1.0,56.6,23.0,61.6,23.0
2026-05-12T17:30:17.722,idle,28.4,3100,4190.11,1955.21,76.1,3390.0,82.8,-1.0,48.5,7.0,51.0,7.0
2026-05-12T17:30:18.726,idle,29.6,3100,4190.39,1954.71,76.1,3390.0,82.8,-1.0,48.0,5.1,56.0,9.0
2026-05-12T17:30:19.727,idle,28.8,3100,4190.76,1954.71,76.1,3390.0,82.8,-1.0,46.0,7.9,56.4,5.0
2026-05-12T17:30:20.728,idle,40.7,3100,4199.22,1945.32,76.3,3390.0,82.8,-1.0,63.6,19.2,61.0,18.4
2026-05-12T17:30:21.729,idle,43.1,3100,4205.45,1935.73,76.4,3390.0,82.8,-1.0,63.0,22.0,66.7,21.0
2026-05-12T17:30:22.733,idle,32.1,3100,4216.08,1925.04,76.5,3390.0,82.8,-1.0,52.5,10.1,55.6,10.0
2026-05-12T17:30:23.737,idle,40.0,3100,4222.18,1911.66,76.7,3390.0,82.8,-1.0,57.0,22.8,59.4,20.8
2026-05-12T17:30:24.738,idle,36.2,3100,4222.67,1911.96,76.7,3390.0,82.8,-1.0,58.6,16.2,53.5,16.2
2026-05-12T17:30:25.742,idle,36.2,3100,4220.99,1913.19,76.6,3390.0,82.8,-1.0,64.0,15.0,51.0,15.0
2026-05-12T17:30:26.745,idle,28.7,3100,4219.02,1915.71,76.6,3390.0,82.8,-1.0,47.5,9.0,50.5,8.0
2026-05-12T17:30:27.747,idle,28.5,3100,4215.75,1918.84,76.6,3390.0,82.8,-1.0,42.0,6.0,60.0,6.0
2026-05-12T17:30:28.747,idle,46.1,3100,4208.5,1926.54,76.5,3390.0,82.8,-1.0,79.8,17.0,73.0,15.0
2026-05-12T17:30:29.749,idle,32.6,3100,4208.96,1926.52,76.5,3390.0,82.8,-1.0,56.0,11.1,53.0,10.0
2026-05-12T17:30:30.750,idle,39.7,3100,4210.09,1924.92,76.5,3390.0,82.8,-1.0,58.0,20.2,60.6,20.0
2026-05-12T17:30:31.751,idle,34.3,3100,4214.07,1921.68,76.5,3390.0,82.8,-1.0,51.5,15.8,57.0,13.0
2026-05-12T17:30:32.751,idle,31.0,3100,4210.03,1925.5,76.5,3390.0,82.8,-1.0,53.1,8.1,50.5,12.1
2026-05-12T17:30:33.751,idle,37.1,3100,4208.7,1928.95,76.5,3390.0,82.8,-1.0,60.4,17.0,56.6,14.1
2026-05-12T17:30:34.754,idle,35.7,3100,4209.28,1928.79,76.5,3390.0,82.8,-1.0,56.0,15.0,57.0,14.9
2026-05-12T17:30:35.756,idle,32.7,3100,4208.1,1930.18,76.4,3390.0,82.8,-1.0,51.0,13.0,56.6,10.1
2026-05-12T17:30:36.760,idle,30.5,3100,4207.94,1930.82,76.4,3390.0,82.8,-1.0,43.4,12.0,58.4,8.0
2026-05-12T17:30:37.764,idle,32.7,3100,4208.87,1930.13,76.4,3390.0,82.8,-1.0,49.5,14.1,54.0,12.9
2026-05-12T17:30:38.804,idle,14.8,3100,4210.67,1929.93,76.4,3390.0,82.8,-1.0,27.2,4.9,23.3,3.9
2026-05-12T17:30:39.806,idle,27.3,3100,4210.62,1929.54,76.4,3390.0,82.8,-1.0,45.5,8.9,46.5,9.0
2026-05-12T17:30:40.810,idle,31.9,3100,4210.69,1929.26,76.4,3390.0,82.8,-1.0,52.5,14.1,47.0,14.0
2026-05-12T17:30:41.815,idle,30.6,3100,4209.68,1929.69,76.4,3390.0,82.8,-1.0,48.5,13.0,47.5,13.1
2026-05-12T17:30:42.819,idle,11.2,3100,4211.66,1928.26,76.5,3390.0,82.8,-1.0,19.2,4.0,17.8,4.0
2026-05-12T17:30:43.824,idle,6.3,3100,4211.15,1928.68,76.5,3390.0,82.8,-1.0,11.0,2.0,11.1,1.0
2026-05-12T17:30:44.828,idle,17.0,3100,4211.6,1927.39,76.5,3390.0,82.8,-1.0,27.0,7.9,26.0,7.0
2026-05-12T17:30:45.829,idle,22.2,3100,4210.25,1926.23,76.5,3390.0,82.8,-1.0,39.4,5.1,39.4,5.0
2026-05-12T17:30:46.834,idle,7.6,3100,4209.6,1927.06,76.5,3390.0,82.8,-1.0,15.0,2.0,11.1,2.0
2026-05-12T17:30:47.837,idle,15.5,3100,4207.94,1928.79,76.5,3390.0,82.8,-1.0,26.0,7.0,21.0,7.9
2026-05-12T17:30:48.842,idle,16.8,3100,4209.83,1926.61,76.5,3390.0,82.8,-1.0,31.0,6.0,24.2,5.9
2026-05-12T17:30:49.846,idle,15.5,3100,4209.68,1926.52,76.5,3390.0,82.8,-1.0,25.3,7.9,23.0,6.1
2026-05-12T17:30:50.851,idle,5.3,3100,4204.78,1931.64,76.4,3390.0,82.8,-1.0,10.1,1.0,8.9,1.0
2026-05-12T17:30:51.855,idle,5.5,3100,4204.23,1932.45,76.4,3390.0,82.8,-1.0,10.1,2.0,7.1,3.0
2026-05-12T17:30:52.859,idle,4.8,3100,4203.96,1932.38,76.4,3390.0,82.8,-1.0,9.9,1.0,7.0,1.0
2026-05-12T17:30:53.862,idle,16.7,3100,4202.07,1934.5,76.4,3390.0,82.8,-1.0,30.0,6.9,24.0,6.0
2026-05-12T17:30:54.866,idle,18.5,3100,4203.8,1933.25,76.4,3390.0,82.8,-1.0,31.0,8.0,28.0,7.1
2026-05-12T17:30:55.903,idle,20.6,3100,4214.09,1926.66,76.5,3390.0,82.8,-1.0,36.3,6.8,33.3,6.7
2026-05-12T17:30:56.905,idle,17.8,3100,4207.43,1929.36,76.4,3390.0,82.8,-1.0,35.0,3.0,30.0,3.0
2026-05-12T17:30:57.909,idle,9.3,3100,4207.69,1928.85,76.5,3390.0,82.8,-1.0,16.2,4.0,14.1,3.0
2026-05-12T17:30:58.914,idle,12.0,3100,4206.81,1929.89,76.4,3390.0,82.8,-1.0,20.0,6.0,16.0,6.0
2026-05-12T17:30:59.919,idle,7.5,3100,4200.7,1936.05,76.4,3390.0,82.8,-1.0,13.1,3.0,11.0,3.0
2026-05-12T17:31:00.920,idle,7.5,3100,4189.54,1946.82,76.2,3390.0,82.8,-1.0,15.0,2.0,11.1,2.0
2026-05-12T17:31:01.925,idle,7.7,3100,4178.48,1958.34,76.1,3390.0,82.8,-1.0,13.0,4.0,12.0,2.0
2026-05-12T17:31:02.929,idle,9.0,3100,4178.04,1958.95,76.1,3390.0,82.8,-1.0,14.1,4.0,14.0,4.0
2026-05-12T17:31:03.931,idle,19.8,3100,4194.64,1942.7,76.3,3390.0,82.8,-1.0,34.0,8.1,30.0,7.1
2026-05-12T17:31:04.935,idle,28.9,3100,4205.59,1932.1,76.4,3390.0,82.8,-1.0,50.5,11.0,43.9,10.9
2026-05-12T17:31:05.937,idle,38.3,3100,4224.89,1908.21,76.7,3390.0,82.8,-1.0,63.6,13.3,63.4,12.1
2026-05-12T17:31:06.940,idle,32.7,3100,4228.99,1903.9,76.8,3390.0,82.8,-1.0,51.0,16.0,49.5,14.1
2026-05-12T17:31:07.942,idle,28.3,3100,4232.47,1900.34,76.8,3390.0,82.8,-1.0,46.5,12.1,43.4,11.0
2026-05-12T17:31:08.945,idle,15.2,3100,4222.87,1903.71,76.8,3390.0,82.8,-1.0,27.6,5.1,24.0,4.0
2026-05-12T17:31:09.949,idle,9.0,3100,4216.67,1910.5,76.7,3390.0,82.8,-1.0,16.0,4.0,13.3,3.0
2026-05-12T17:31:10.951,idle,9.2,3100,4216.77,1906.7,76.7,3358.0,82.0,-1.0,17.0,3.0,14.9,2.0
2026-05-12T17:31:11.955,idle,39.5,3100,4210.85,1912.71,76.7,3358.0,82.0,-1.0,63.6,16.3,61.0,17.0
2026-05-12T17:31:12.960,idle,50.9,3100,4210.65,1903.87,76.8,3358.0,82.0,-1.0,84.2,17.0,85.1,16.2
2026-05-12T17:31:13.961,idle,13.4,3100,4209.65,1904.68,76.7,3358.0,82.0,-1.0,23.2,6.0,19.4,5.0
2026-05-12T17:31:14.966,idle,7.0,3100,4208.05,1906.64,76.7,3358.0,82.0,-1.0,13.1,3.0,10.0,2.0
2026-05-12T17:31:15.970,idle,8.7,3100,4207.48,1906.7,76.7,3358.0,82.0,-1.0,16.8,3.0,13.0,2.0
2026-05-12T17:31:16.973,idle,53.6,3100,4212.88,1902.04,76.8,3358.0,82.0,-1.0,79.0,28.0,77.8,30.0
2026-05-12T17:31:17.979,idle,52.4,3100,4219.64,1896.84,76.8,3358.0,82.0,-1.0,84.8,19.2,83.2,22.0
2026-05-12T17:31:18.982,idle,18.0,3100,4219.37,1898.16,76.8,3358.0,82.0,-1.0,29.7,7.0,27.3,8.0
2026-05-12T17:31:19.986,idle,10.8,3100,4219.5,1897.31,76.8,3358.0,82.0,-1.0,19.0,4.0,17.0,3.0
2026-05-12T17:31:20.988,idle,13.4,3100,4220.78,1896.49,76.8,3358.0,82.0,-1.0,21.4,6.0,20.2,6.0
2026-05-12T17:31:21.992,idle,60.8,3100,4240.12,1878.39,77.1,3358.0,82.0,-1.0,91.1,33.0,91.0,27.3
2026-05-12T17:31:22.996,idle,27.9,3100,4238.39,1881.8,77.0,3358.0,82.0,-1.0,45.0,11.1,43.4,12.0
2026-05-12T17:31:24.001,idle,30.2,3100,4260.99,1829.93,77.7,3358.0,82.0,-1.0,52.5,7.0,55.4,6.0
2026-05-12T17:31:25.005,idle,11.6,3100,4259.57,1821.49,77.8,3358.0,82.0,-1.0,20.0,3.0,19.0,4.0
2026-05-12T17:31:26.005,idle,9.5,3100,4260.21,1821.96,77.8,3358.0,82.0,-1.0,17.0,4.0,15.0,2.0
2026-05-12T17:31:27.006,idle,30.0,3100,4274.46,1806.43,77.9,3358.0,82.0,-1.0,51.5,11.1,45.5,12.0
2026-05-12T17:31:28.010,idle,35.6,3100,4239.21,1842.3,77.5,3358.0,82.0,-1.0,58.0,14.1,56.6,13.1
2026-05-12T17:31:29.020,idle,30.2,3100,4234.64,1847.36,77.4,3358.0,82.0,-1.0,52.0,15.0,45.0,9.0
2026-05-12T17:31:30.024,idle,32.3,3100,4237.31,1845.43,77.5,3358.0,82.0,-1.0,58.0,10.0,51.0,10.1
2026-05-12T17:31:31.028,idle,24.1,3100,4224.24,1853.35,77.4,3358.0,82.0,-1.0,40.4,9.0,38.0,9.0
2026-05-12T17:31:32.032,idle,16.6,3100,4228.96,1848.66,77.4,3358.0,82.0,-1.0,31.3,4.0,26.0,5.0
2026-05-12T17:31:33.035,idle,30.7,3100,4212.62,1864.43,77.2,3358.0,82.0,-1.0,51.5,13.1,47.5,10.1
2026-05-12T17:31:34.038,idle,19.8,3100,4208.86,1868.61,77.2,3358.0,82.0,-1.0,35.4,7.0,30.3,7.0
2026-05-12T17:31:35.042,idle,31.2,3100,4196.73,1883.7,77.0,3358.0,82.0,-1.0,57.0,7.1,53.5,7.0
2026-05-12T17:31:36.045,idle,21.9,3100,4191.61,1888.08,77.0,3358.0,82.0,-1.0,39.0,8.0,32.7,8.0
2026-05-12T17:31:37.050,idle,20.9,3100,4200.46,1879.8,77.1,3358.0,82.0,-1.0,36.7,8.9,31.3,7.1
2026-05-12T17:31:38.053,idle,23.2,3100,4201.07,1879.3,77.1,3358.0,82.0,-1.0,42.0,7.1,35.4,8.0
2026-05-12T17:31:39.055,idle,32.4,3100,4208.91,1872.12,77.1,3358.0,82.0,-1.0,53.5,10.0,52.0,14.0
2026-05-12T17:31:40.056,idle,27.0,3100,4225.09,1855.46,77.4,3358.0,82.0,-1.0,45.5,9.1,46.0,7.1
2026-05-12T17:31:41.060,idle,30.6,3100,4210.71,1870.43,77.2,3358.0,82.0,-1.0,52.0,11.0,47.5,11.9
2026-05-12T17:31:42.064,idle,13.8,3100,4196.19,1884.83,77.0,3358.0,82.0,-1.0,26.3,6.0,19.2,4.0
2026-05-12T17:31:43.068,idle,7.0,3100,4195.45,1885.54,77.0,3358.0,82.0,-1.0,13.1,2.0,11.0,2.0
2026-05-12T17:31:44.072,idle,7.8,3100,4192.63,1888.84,76.9,3358.0,82.0,-1.0,13.1,3.0,12.1,3.0
2026-05-12T17:31:45.076,idle,8.4,3100,4175.83,1905.21,76.7,3358.0,82.0,-1.0,14.9,3.0,12.9,3.0
2026-05-12T17:31:46.080,idle,7.3,3100,4176.12,1904.97,76.7,3358.0,82.0,-1.0,13.1,3.0,11.2,2.0
2026-05-12T17:31:47.086,idle,7.7,3100,4175.5,1905.1,76.7,3358.0,82.0,-1.0,14.0,3.0,11.0,3.0
2026-05-12T17:31:48.086,idle,10.1,3100,4179.65,1901.18,76.8,3358.0,82.0,-1.0,18.0,4.0,16.0,3.0
2026-05-12T17:31:49.089,idle,41.3,3100,4212.02,1870.04,77.2,3358.0,82.0,-1.0,71.0,13.0,68.3,12.0
2026-05-12T17:31:50.094,idle,22.9,3100,4212.53,1869.76,77.2,3358.0,82.0,-1.0,40.4,8.9,35.7,7.0
2026-05-12T17:31:51.098,idle,30.9,3100,4214.32,1868.49,77.2,3358.0,82.0,-1.0,54.0,11.1,48.5,9.2
2026-05-12T17:31:52.102,idle,28.1,3100,4215.21,1867.02,77.2,3358.0,82.0,-1.0,49.0,10.2,42.4,10.9
2026-05-12T17:31:53.106,idle,30.3,3100,4202.93,1879.45,77.1,3358.0,82.0,-1.0,51.0,12.9,46.0,11.1
2026-05-12T17:31:54.110,idle,42.6,3100,4221.74,1852.08,77.4,3358.0,82.0,-1.0,69.7,17.2,68.0,15.2
2026-05-12T17:31:55.113,idle,33.4,3100,4227.84,1845.57,77.5,3358.0,82.0,-1.0,57.0,12.1,53.0,11.1
2026-05-12T17:31:56.117,idle,22.9,3100,4229.27,1844.45,77.5,3358.0,82.0,-1.0,40.4,9.0,35.4,7.1
2026-05-12T17:31:57.122,idle,23.3,3100,4231.46,1840.67,77.5,3358.0,82.0,-1.0,40.0,10.1,32.3,10.9
2026-05-12T17:31:58.124,idle,29.6,3100,4233.96,1834.09,77.6,3358.0,82.0,-1.0,48.0,13.0,46.5,11.0
2026-05-12T17:31:59.129,idle,22.4,3100,4239.93,1828.02,77.7,3358.0,82.0,-1.0,34.7,10.0,34.0,11.1
2026-05-12T17:32:00.130,idle,35.8,3100,4230.58,1838.05,77.6,3358.0,82.0,-1.0,58.4,13.3,55.6,15.2
2026-05-12T17:32:01.132,idle,44.0,3100,4242.24,1826.01,77.7,3358.0,82.0,-1.0,68.7,21.0,65.3,21.0
2026-05-12T17:32:02.136,idle,45.8,3100,4248.2,1818.48,77.8,3358.0,82.0,-1.0,76.0,15.2,76.8,15.2
2026-05-12T17:32:03.139,idle,22.0,3100,4209.7,1856.98,77.3,3358.0,82.0,-1.0,41.0,7.0,33.0,7.0
2026-05-12T17:32:04.141,idle,23.2,3100,4206.84,1860.98,77.3,3358.0,82.0,-1.0,42.4,8.1,35.4,7.0
2026-05-12T17:32:05.145,idle,25.6,3100,4204.63,1863.65,77.3,3358.0,82.0,-1.0,45.0,9.1,40.0,8.1
2026-05-12T17:32:06.150,idle,19.5,3100,4209.44,1857.67,77.3,3358.0,82.0,-1.0,34.0,8.9,28.3,7.1
2026-05-12T17:32:07.152,idle,6.3,3100,4137.56,1929.91,76.4,3358.0,82.0,-1.0,11.1,2.0,10.1,2.0
2026-05-12T17:32:08.153,idle,5.5,3100,4136.82,1930.91,76.4,3358.0,82.0,-1.0,11.1,1.0,9.0,1.0
2026-05-12T17:32:09.157,idle,5.3,3100,4136.33,1931.21,76.4,3358.0,82.0,-1.0,9.0,2.0,8.1,2.0
2026-05-12T17:32:10.161,idle,6.3,3100,4110.15,1957.57,76.1,3358.0,82.0,-1.0,10.1,3.0,10.0,2.0
